sequence_id,step,predicted_sequence,mean_fitness,fitness_ci_lower,fitness_ci_upper,nucleotide_entropy
seq_0000,0,ACGTTCAGAAGCGCGCGACTGTACCGTCGTTAAGCACCTGACGTACTCGCCATTTAGAGGCGTCTTCTATCATAGTTAGGCTACGGATCCTCCTCTAGGACACACCCGTGTCGTGGAAAATGGTCGACGGGGAGCTGATTCATTCCAACACTCTTGAGGCCGTTTCTATAAACGGTGACGCATGTTATATGGGTCATGTCTCTGTTCCTCTGCTGTAATCATGAGTCGGATCACTGGTTGAGAGGACACAATATGAGAAGCATCCGTTGGTAACTTTCAATTGTTCAGGTCTCTGGCTTA,-0.3277733325958252,-0.3277733027935028,-0.3277733027935028,0.05577615275979042
seq_0000,1,ACGTTCAGAAGCGCGCGACTGTACCGTCGTTAAGCACCTGACGTACTCGCCATTTAGAGGCGTCTTCTATCATAGTTAGGCTACGGATCCTCCTCTAGGACACACCCGTGTCGTGGAAAATGGTCGACGGGGAGCTGATTCATTCCAACACTCTTGAGGCCGTTTCTATAAACGGTGACGCATGTTATATGGGTCATGTCTCTGTTCCTCTGCTGTAATCATGAGTCGGATCACTGGTTGAGAGGACACAATATGAGAAGCATCCGTTGGTAACTTTCAATTGTTCAGGTCTCTGGCTTA,-0.3277733325958252,-0.3277733027935028,-0.3277733027935028,0.05577302351593971
seq_0000,2,ACGTTCAGAAGCGCGCGACTGTACCGTCGTTAAGCACCTGACGTACTCGCCATTTAGAGGCGTCTTCTATCATAGTTAGGCTACGGATCCTCCTCTAGGACACACCCGTGTCGTGGAAAATGGTCGACGGGGAGCTGATTCATTCCAACACTCTTGAGGCCGTTTCTATAAACGGTGACGCATGTTATATGGGTCATGTCTCTGTTCCTCTGCTGTAATCATGAGTCGGATCACTGGTTGAGAGGACACAATATGAGAAGCATCCGTTGGTAACTTTCAATTGTTCAGGTCTCTGGCTTA,-0.3277733325958252,-0.3277733027935028,-0.3277733027935028,0.05577686429023743
seq_0000,3,ACGTTCAGAAGCGCGCGACTGTACCGTCGTTAAGCACCTGACGTACTCGCCATTTAGAGGCGTCTTCTATCATAGTTAGGCTACGGATCCTCCTCTAGGACACACCCGTGTCGTGGAAAATGGTCGACGGGGAGCTGATTCATTCCAACACTCTTGAGGCCGTTTCTATAAACGGTGACGCATGTTATATGGGTCATGTCTCTGTTCCTCTGCTGTAATCATGAGTCGGATCACTGGTTGAGAGGACACAATATGAGAAGCATCCGTTGGTAACTTTCAATTGTTCAGGTCTCTGGCTTA,-0.3277733325958252,-0.3277733027935028,-0.3277733027935028,0.05577688291668892
seq_0000,4,ACGTTCAGAAGCGCGCGACTGTACCGTCGTTAAGCACCTGACGTACTCGCCATTTAGAGGCGTCTTCTATCATAGTTAGGCTACGGATCCTCCTCTAGGACACACCCGTGTCGTGGAAAATGGTCGACGGGGAGCTGATTCATTCCAACACTCTTGAGGCCGTTTCTATAAACGGTGACGCATGTTATATGGGTCATGTCTCTGTTCCTCTGCTGTAATCATGAGTCGGATCACTGGTTGAGAGGACACAATATGAGAAGCATCCGTTGGTAACTTTCAATTGTTCAGGTCTCTGGCTTA,-0.3277733325958252,-0.3277733027935028,-0.3277733027935028,0.055780619382858276
seq_0000,5,ACGTTCAGAAGCGCGCGACTGTACCGTCGTTAAGCACCTGACGTACTCGCCATTTAGAGGCGTCTTCTATCATAGTTAGGCTACGGATCCTCCTCTAGGACACACCCGTGTCGTGGAAAATGGTCGACGGGGAGCTGATTCATTCCAACACTCTTGAGGCCGTTTCTATAAACGGTGACGCATGTTATATGGGTCATGTCTCTGTTCCTCTGCTGTAATCATGAGTCGGATCACTGGTTGAGAGGACACAATATGAGAAGCATCCGTTGGTAACTTTCAATTGTTCAGGTCTCTGGCTTA,-0.3277733325958252,-0.3277733027935028,-0.3277733027935028,0.055776890367269516
seq_0000,6,ACGTTCAGAAGCGCGCGACTGTACCGTCGTTAAGCACCTGACGTACTCGCCATTTAGAGGCGTCTTCTATCATAGTTAGGCTACGGATCCTCCTCTAGGACACACCCGTGTCGTGGAAAATGGTCGACGGGGAGCTGATTCATTCCAACACTCTTGAGGCCGTTTCTATAAACGGTGACGCATGTTATATGGGTCATGTCTCTGTTCCTCTGCTGTAATCATGAGTCGGATCACTGGTTGAGAGGACACAATATGAGAAGCATCCGTTGGTAACTTTCAATTGTTCAGGTCTCTGGCTTA,-0.3277733325958252,-0.3277733027935028,-0.3277733027935028,0.055776890367269516
seq_0000,7,ACGTTCAGAAGCGCGCGACTGTACCGTCGTTAAGCACCTGACGTACTCGCCATTTAGAGGCGTCTTCTATCATAGTTAGGCTACGGATCCTCCTCTAGGACACACCCGTGTCGTGGAAAATGGTCGACGGGGAGCTGATTCATTCCAACACTCTTGAGGCCGTTTCTATAAACGGTGACGCATGTTATATGGGTCATGTCTCTGTTCCTCTGCTGTAATCATGAGTCGGATCACTGGTTGAGAGGACACAATATGAGAAGCATCCGTTGGTAACTTTCAATTGTTCAGGTCTCTGGCTTA,-0.3277733325958252,-0.3277733027935028,-0.3277733027935028,0.05577699840068817
seq_0000,8,ACGTTCAGAAGCGCGCGACTGTACCGTCGTTAAGCACCTGACGTACTCGCCATTTAGAGGCGTCTTCTATCATAGTTAGGCTACGGATCCTCCTCTAGGACACACCCGTGTCGTGGAAAATGGTCGACGGGGAGCTGATTCATTCCAACACTCTTGAGGCCGTTTCTATAAACGGTGACGCATGTTATATGGGTCATGTCTCTGTTCCTCTGCTGTAATCATGAGTCGGATCACTGGTTGAGAGGACACAATATGAGAAGCATCCGTTGGTAACTTTCAATTGTTCAGGTCTCTGGCTTA,-0.3277733325958252,-0.3277733027935028,-0.3277733027935028,0.055776868015527725
seq_0000,9,ACGTTCAGAAGCGCGCGACTGTACCGTCGTTAAGCACCTGACGTACTCGCCATTTAGAGGCGTCTTCTATCATAGTTAGGCTACGGATCCTCCTCTAGGACACACCCGTGTCGTGGAAAATGGTCGACGGGGAGCTGATTCATTCCAACACTCTTGAGGCCGTTTCTATAAACGGTGACGCATGTTATATGGGTCATGTCTCTGTTCCTCTGCTGTAATCATGAGTCGGATCACTGGTTGAGAGGACACAATATGAGAAGCATCCGTTGGTAACTTTCAATTGTTCAGGTCTCTGGCTTA,-0.3277733325958252,-0.3277733027935028,-0.3277733027935028,0.05577687546610832
seq_0000,10,ACGTTCAGAAGCGCGCGACTGTACCGTCGTTAAGCACCTGACGTACTCGCCATTTAGAGGCGTCTTCTATCATAGTTAGGCTACGGATCCTCCTCTAGGACACACCCGTGTCGTGGAAAATGGTCGACGGGGAGCTGATTCATTCCAACACTCTTGAGGCCGTTTCTATAAACGGTGACGCATGTTATATGGGTCATGTCTCTGTTCCTCTGCTGTAATCATGAGTCGGATCACTGGTTGAGAGGACACAATATGAGAAGCATCCGTTGGTAACTTTCAATTGTTCAGGTCTCTGGCTTA,-0.3277733325958252,-0.3277733027935028,-0.3277733027935028,0.0557769276201725
seq_0000,11,ACGTTCAGAAGCGCGCGACTGTACCGTCGTTAAGCACCTGACGTACTCGCCATTTAGAGGCGTCTTCTATCATAGTTAGGCTACGGATCCTCCTCTAGGACACACCCGTGTCGTGGAAAATGGTCGACGGGGAGCTGATTCATTCCAACACTCTTGAGGCCGTTTCTATAAACGGTGACGCATGTTATATGGGTCATGTCTCTGTTCCTCTGCTGTAATCATGAGTCGGATCACTGGTTGAGAGGACACAATATGAGAAGCATCCGTTGGTAACTTTCAATTGTTCAGGTCTCTGGCTTA,-0.3277733325958252,-0.3277733027935028,-0.3277733027935028,0.05577705428004265
seq_0001,0,ACGTTCAGAAGCGCGCGACTGTACCGTCGTTAAGCACCTGACGTACTCGCCATTTAGAGGCGTCTTCTATCATAGTTAGGCTACGGATCCTCCTCTAGGACACACCCGTGTCGTGGAAAATGGTCGACGGGGAGCTGATTCATTCCAACACTCTTGAGGCCGTTTCTATAAACGGTGACGCATGTTATATGGGTCATATCTCTGTTCCTCTGCTGTAATCATGAGTCGGATCACTGGTTGAGAGGACTCAATATGAGAAGCATCCGTTGGTAACTTTCAATTGTTCAGGTCTCTGGCTTA,-0.34539300203323364,-0.34539294242858887,-0.34539294242858887,0.049087557941675186
seq_0001,1,ACGTTCAGAAGCGCGCGACTGTACCGTCGTTAAGCACCTGACGTACTCGCCATTTAGAGGCGTCTTCTATCATAGTTAGGCTACGGATCCTCCTCTAGGACACACCCGTGTCGTGGAAAATGGTCGACGGGGAGCTGATTCATTCCAACACTCTTGAGGCCGTTTCTATAAACGGTGACGCATGTTATATGGGTCATATCTCTGTTCCTCTGCTGTAATCATGAGTCGGATCACTGGTTGAGAGGACTCAATATGAGAAGCATCCGTTGGTAACTTTCAATTGTTCAGGTCTCTGGCTTA,-0.34539300203323364,-0.34539294242858887,-0.34539294242858887,0.0490875169634819
seq_0001,2,ACGTTCAGAAGCGCGCGACTGTACCGTCGTTAAGCACCTGACGTACTCGCCATTTAGAGGCGTCTTCTATCATAGTTAGGCTACGGATCCTCCTCTAGGACACACCCGTGTCGTGGAAAATGGTCGACGGGGAGCTGATTCATTCCAACACTCTTGAGGCCGTTTCTATAAACGGTGACGCATGTTATATGGGTCATATCTCTGTTCCTCTGCTGTAATCATGAGTCGGATCACTGGTTGAGAGGACTCAATATGAGAAGCATCCGTTGGTAACTTTCAATTGTTCAGGTCTCTGGCTTA,-0.34539300203323364,-0.34539294242858887,-0.34539294242858887,0.049087561666965485
seq_0001,3,ACGTTCAGAAGCGCGCGACTGTACCGTCGTTAAGCACCTGACGTACTCGCCATTTAGAGGCGTCTTCTATCATAGTTAGGCTACGGATCCTCCTCTAGGACACACCCGTGTCGTGGAAAATGGTCGACGGGGAGCTGATTCATTCCAACACTCTTGAGGCCGTTTCTATAAACGGTGACGCATGTTATATGGGTCATATCTCTGTTCCTCTGCTGTAATCATGAGTCGGATCACTGGTTGAGAGGACTCAATATGAGAAGCATCCGTTGGTAACTTTCAATTGTTCAGGTCTCTGGCTTA,-0.34539300203323364,-0.34539294242858887,-0.34539294242858887,0.04908755049109459
seq_0001,4,ACGTTCAGAAGCGCGCGACTGTACCGTCGTTAAGCACCTGACGTACTCGCCATTTAGAGGCGTCTTCTATCATAGTTAGGCTACGGATCCTCCTCTAGGACACACCCGTGTCGTGGAAAATGGTCGACGGGGAGCTGATTCATTCCAACACTCTTGAGGCCGTTTCTATAAACGGTGACGCATGTTATATGGGTCATATCTCTGTTCCTCTGCTGTAATCATGAGTCGGATCACTGGTTGAGAGGACTCAATATGAGAAGCATCCGTTGGTAACTTTCAATTGTTCAGGTCTCTGGCTTA,-0.34539300203323364,-0.34539294242858887,-0.34539294242858887,0.04908755049109459
seq_0001,5,ACGTTCAGAAGCGCGCGACTGTACCGTCGTTAAGCACCTGACGTACTCGCCATTTAGAGGCGTCTTCTATCATAGTTAGGCTACGGATCCTCCTCTAGGACACACCCGTGTCGTGGAAAATGGTCGACGGGGAGCTGATTCATTCCAACACTCTTGAGGCCGTTTCTATAAACGGTGACGCATGTTATATGGGTCATATCTCTGTTCCTCTGCTGTAATCATGAGTCGGATCACTGGTTGAGAGGACTCAATATGAGAAGCATCCGTTGGTAACTTTCAATTGTTCAGGTCTCTGGCTTA,-0.34539300203323364,-0.34539294242858887,-0.34539294242858887,0.04908756911754608
seq_0001,6,ACGTTCAGAAGCGCGCGACTGTACCGTCGTTAAGCACCTGACGTACTCGCCATTTAGAGGCGTCTTCTATCATAGTTAGGCTACGGATCCTCCTCTAGGACACACCCGTGTCGTGGAAAATGGTCGACGGGGAGCTGATTCATTCCAACACTCTTGAGGCCGTTTCTATAAACGGTGACGCATGTTATATGGGTCATATCTCTGTTCCTCTGCTGTAATCATGAGTCGGATCACTGGTTGAGAGGACTCAATATGAGAAGCATCCGTTGGTAACTTTCAATTGTTCAGGTCTCTGGCTTA,-0.34539300203323364,-0.34539294242858887,-0.34539294242858887,0.049087557941675186
seq_0001,7,ACGTTCAGAAGCGCGCGACTGTACCGTCGTTAAGCACCTGACGTACTCGCCATTTAGAGGCGTCTTCTATCATAGTTAGGCTACGGATCCTCCTCTAGGACACACCCGTGTCGTGGAAAATGGTCGACGGGGAGCTGATTCATTCCAACACTCTTGAGGCCGTTTCTATAAACGGTGACGCATGTTATATGGGTCATATCTCTGTTCCTCTGCTGTAATCATGAGTCGGATCACTGGTTGAGAGGACTCAATATGAGAAGCATCCGTTGGTAACTTTCAATTGTTCAGGTCTCTGGCTTA,-0.34539300203323364,-0.34539294242858887,-0.34539294242858887,0.049087557941675186
seq_0001,8,ACGTTCAGAAGCGCGCGACTGTACCGTCGTTAAGCACCTGACGTACTCGCCATTTAGAGGCGTCTTCTATCATAGTTAGGCTACGGATCCTCCTCTAGGACACACCCGTGTCGTGGAAAATGGTCGACGGGGAGCTGATTCATTCCAACACTCTTGAGGCCGTTTCTATAAACGGTGACGCATGTTATATGGGTCATATCTCTGTTCCTCTGCTGTAATCATGAGTCGGATCACTGGTTGAGAGGACTCAATATGAGAAGCATCCGTTGGTAACTTTCAATTGTTCAGGTCTCTGGCTTA,-0.34539300203323364,-0.34539294242858887,-0.34539294242858887,0.04908747225999832
seq_0001,9,ACGTTCAGAAGCGCGCGACTGTACCGTCGTTAAGCACCTGACGTACTCGCCATTTAGAGGCGTCTTCTATCATAGTTAGGCTACGGATCCTCCTCTAGGACACACCCGTGTCGTGGAAAATGGTCGACGGGGAGCTGATTCATTCCAACACTCTTGAGGCCGTTTCTATAAACGGTGACGCATGTTATATGGGTCATATCTCTGTTCCTCTGCTGTAATCATGAGTCGGATCACTGGTTGAGAGGACTCAATATGAGAAGCATCCGTTGGTAACTTTCAATTGTTCAGGTCTCTGGCTTA,-0.34539300203323364,-0.34539294242858887,-0.34539294242858887,0.049087557941675186
seq_0001,10,ACGTTCAGAAGCGCGCGACTGTACCGTCGTTAAGCACCTGACGTACTCGCCATTTAGAGGCGTCTTCTATCATAGTTAGGCTACGGATCCTCCTCTAGGACACACCCGTGTCGTGGAAAATGGTCGACGGGGAGCTGATTCATTCCAACACTCTTGAGGCCGTTTCTATAAACGGTGACGCATGTTATATGGGTCATATCTCTGTTCCTCTGCTGTAATCATGAGTCGGATCACTGGTTGAGAGGACTCAATATGAGAAGCATCCGTTGGTAACTTTCAATTGTTCAGGTCTCTGGCTTA,-0.34539300203323364,-0.34539294242858887,-0.34539294242858887,0.049087557941675186
seq_0001,11,ACGTTCAGAAGCGCGCGACTGTACCGTCGTTAAGCACCTGACGTACTCGCCATTTAGAGGCGTCTTCTATCATAGTTAGGCTACGGATCCTCCTCTAGGACACACCCGTGTCGTGGAAAATGGTCGACGGGGAGCTGATTCATTCCAACACTCTTGAGGCCGTTTCTATAAACGGTGACGCATGTTATATGGGTCATATCTCTGTTCCTCTGCTGTAATCATGAGTCGGATCACTGGTTGAGAGGACTCAATATGAGAAGCATCCGTTGGTAACTTTCAATTGTTCAGGTCTCTGGCTTA,-0.34539300203323364,-0.34539294242858887,-0.34539294242858887,0.04908755421638489
seq_0002,0,ACGTTCAGAAGCGCGCGACTGTACCGTCGTTAAGCACCTGACGTACTCGGCATTTAGAGGCGTCTTCTATCATAGTTAGGCTACGGATCCTCCTCTAGGACACACCCGTGTCGTGGAAAATGGTCGACGGGGAGCTGATTCATTCCAACACTCTTGAGGCCGTTTCTATAAACGGTGACGCATGTTATATGGGTCATATCTCTGTTCCTCTGCTGTAATCATGAGTCGGATCACTGGTTGAGAGGACTCAATATGAGAAGCATCCGTTGGTAACTTTCAAATGTTCAGGTCTCTGGCTTA,-0.12108932435512543,-0.12108933925628662,-0.12108933925628662,0.05502712354063988
seq_0002,1,ACGTTCAGAAGCGCGCGACTGTACCGTCGTTAAGCACCTGACGTACTCGGCATTTAGAGGCGTCTTCTATCATAGTTAGGCTACGGATCCTCCTCTAGGACACACCCGTGTCGTGGAAAATGGTCGACGGGGAGCTGATTCATTCCAACACTCTTGAGGCCGTTTCTATAAACGGTGACGCATGTTATATGGGTCATATCTCTGTTCCTCTGCTGTAATCATGAGTCGGATCACTGGTTGAGAGGACTCAATATGAGAAGCATCCGTTGGTAACTTTCAAATGTTCAGGTCTCTGGCTTA,-0.12108932435512543,-0.12108933925628662,-0.12108933925628662,0.05502712354063988
seq_0002,2,ACGTTCAGAAGCGCGCGACTGTACCGTCGTTAAGCACCTGACGTACTCGGCATTTAGAGGCGTCTTCTATCATAGTTAGGCTACGGATCCTCCTCTAGGACACACCCGTGTCGTGGAAAATGGTCGACGGGGAGCTGATTCATTCCAACACTCTTGAGGCCGTTTCTATAAACGGTGACGCATGTTATATGGGTCATATCTCTGTTCCTCTGCTGTAATCATGAGTCGGATCACTGGTTGAGAGGACTCAATATGAGAAGCATCCGTTGGTAACTTTCAAATGTTCAGGTCTCTGGCTTA,-0.12108932435512543,-0.12108933925628662,-0.12108933925628662,0.05502712354063988
seq_0002,3,ACGTTCAGAAGCGCGCGACTGTACCGTCGTTAAGCACCTGACGTACTCGGCATTTAGAGGCGTCTTCTATCATAGTTAGGCTACGGATCCTCCTCTAGGACACACCCGTGTCGTGGAAAATGGTCGACGGGGAGCTGATTCATTCCAACACTCTTGAGGCCGTTTCTATAAACGGTGACGCATGTTATATGGGTCATATCTCTGTTCCTCTGCTGTAATCATGAGTCGGATCACTGGTTGAGAGGACTCAATATGAGAAGCATCCGTTGGTAACTTTCAAATGTTCAGGTCTCTGGCTTA,-0.12108932435512543,-0.12108933925628662,-0.12108933925628662,0.05502712354063988
seq_0002,4,ACGTTCAGAAGCGCGCGACTGTACCGTCGTTAAGCACCTGACGTACTCGGCATTTAGAGGCGTCTTCTATCATAGTTAGGCTACGGATCCTCCTCTAGGACACACCCGTGTCGTGGAAAATGGTCGACGGGGAGCTGATTCATTCCAACACTCTTGAGGCCGTTTCTATAAACGGTGACGCATGTTATATGGGTCATATCTCTGTTCCTCTGCTGTAATCATGAGTCGGATCACTGGTTGAGAGGACTCAATATGAGAAGCATCCGTTGGTAACTTTCAAATGTTCAGGTCTCTGGCTTA,-0.12108932435512543,-0.12108933925628662,-0.12108933925628662,0.05502712354063988
seq_0002,5,ACGTTCAGAAGCGCGCGACTGTACCGTCGTTAAGCACCTGACGTACTCGGCATTTAGAGGCGTCTTCTATCATAGTTAGGCTACGGATCCTCCTCTAGGACACACCCGTGTCGTGGAAAATGGTCGACGGGGAGCTGATTCATTCCAACACTCTTGAGGCCGTTTCTATAAACGGTGACGCATGTTATATGGGTCATATCTCTGTTCCTCTGCTGTAATCATGAGTCGGATCACTGGTTGAGAGGACTCAATATGAGAAGCATCCGTTGGTAACTTTCAAATGTTCAGGTCTCTGGCTTA,-0.12108932435512543,-0.12108933925628662,-0.12108933925628662,0.05502712354063988
seq_0002,6,ACGTTCAGAAGCGCGCGACTGTACCGTCGTTAAGCACCTGACGTACTCGGCATTTAGAGGCGTCTTCTATCATAGTTAGGCTACGGATCCTCCTCTAGGACACACCCGTGTCGTGGAAAATGGTCGACGGGGAGCTGATTCATTCCAACACTCTTGAGGCCGTTTCTATAAACGGTGACGCATGTTATATGGGTCATATCTCTGTTCCTCTGCTGTAATCATGAGTCGGATCACTGGTTGAGAGGACTCAATATGAGAAGCATCCGTTGGTAACTTTCAAATGTTCAGGTCTCTGGCTTA,-0.12108932435512543,-0.12108933925628662,-0.12108933925628662,0.05502712354063988
seq_0002,7,ACGTTCAGAAGCGCGCGACTGTACCGTCGTTAAGCACCTGACGTACTCGGCATTTAGAGGCGTCTTCTATCATAGTTAGGCTACGGATCCTCCTCTAGGACACACCCGTGTCGTGGAAAATGGTCGACGGGGAGCTGATTCATTCCAACACTCTTGAGGCCGTTTCTATAAACGGTGACGCATGTTATATGGGTCATATCTCTGTTCCTCTGCTGTAATCATGAGTCGGATCACTGGTTGAGAGGACTCAATATGAGAAGCATCCGTTGGTAACTTTCAAATGTTCAGGTCTCTGGCTTA,-0.12108932435512543,-0.12108933925628662,-0.12108933925628662,0.05502712354063988
seq_0002,8,ACGTTCAGAAGCGCGCGACTGTACCGTCGTTAAGCACCTGACGTACTCGGCATTTAGAGGCGTCTTCTATCATAGTTAGGCTACGGATCCTCCTCTAGGACACACCCGTGTCGTGGAAAATGGTCGACGGGGAGCTGATTCATTCCAACACTCTTGAGGCCGTTTCTATAAACGGTGACGCATGTTATATGGGTCATATCTCTGTTCCTCTGCTGTAATCATGAGTCGGATCACTGGTTGAGAGGACTCAATATGAGAAGCATCCGTTGGTAACTTTCAAATGTTCAGGTCTCTGGCTTA,-0.12108932435512543,-0.12108933925628662,-0.12108933925628662,0.05502712354063988
seq_0002,9,ACGTTCAGAAGCGCGCGACTGTACCGTCGTTAAGCACCTGACGTACTCGGCATTTAGAGGCGTCTTCTATCATAGTTAGGCTACGGATCCTCCTCTAGGACACACCCGTGTCGTGGAAAATGGTCGACGGGGAGCTGATTCATTCCAACACTCTTGAGGCCGTTTCTATAAACGGTGACGCATGTTATATGGGTCATATCTCTGTTCCTCTGCTGTAATCATGAGTCGGATCACTGGTTGAGAGGACTCAATATGAGAAGCATCCGTTGGTAACTTTCAAATGTTCAGGTCTCTGGCTTA,-0.12108932435512543,-0.12108933925628662,-0.12108933925628662,0.05502712354063988
seq_0002,10,ACGTTCAGAAGCGCGCGACTGTACCGTCGTTAAGCACCTGACGTACTCGGCATTTAGAGGCGTCTTCTATCATAGTTAGGCTACGGATCCTCCTCTAGGACACACCCGTGTCGTGGAAAATGGTCGACGGGGAGCTGATTCATTCCAACACTCTTGAGGCCGTTTCTATAAACGGTGACGCATGTTATATGGGTCATATCTCTGTTCCTCTGCTGTAATCATGAGTCGGATCACTGGTTGAGAGGACTCAATATGAGAAGCATCCGTTGGTAACTTTCAAATGTTCAGGTCTCTGGCTTA,-0.12108932435512543,-0.12108933925628662,-0.12108933925628662,0.05502712354063988
seq_0002,11,ACGTTCAGAAGCGCGCGACTGTACCGTCGTTAAGCACCTGACGTACTCGGCATTTAGAGGCGTCTTCTATCATAGTTAGGCTACGGATCCTCCTCTAGGACACACCCGTGTCGTGGAAAATGGTCGACGGGGAGCTGATTCATTCCAACACTCTTGAGGCCGTTTCTATAAACGGTGACGCATGTTATATGGGTCATATCTCTGTTCCTCTGCTGTAATCATGAGTCGGATCACTGGTTGAGAGGACTCAATATGAGAAGCATCCGTTGGTAACTTTCAAATGTTCAGGTCTCTGGCTTA,-0.12108932435512543,-0.12108933925628662,-0.12108933925628662,0.05502712354063988
seq_0003,0,ACGTTCAGAAGCGCGCGACTCTACCGTCGTTAAGCACCTGACGTACTCGCCATTTAGAGGCGTCTTCTATCATAGTTAGGCTACGGATCCTCCTCTAGGACACACCCGTGTCGTGGAAAATGGTCGACGGGGAGCTGATTCATTCCAACACTCTTGAGGCCGTTTCTATAAACGGTGACGCATGTTATATGGGTCATATCTCTGTTCCTCTGCTGTAATCGTGAGTCGGATCACTGGTTGAGAGGACTCAATATGAGAAGCATCCATTGGTAACTTTCAATTGTACAGGTCTCTGGCTTA,-0.4034799337387085,-0.40347984433174133,-0.40347984433174133,0.05743090435862541
seq_0003,1,ACGTTCAGAAGCGCGCGACTCTACCGTCGTTAAGCACCTGACGTACTCGCCATTTAGAGGCGTCTTCTATCATAGTTAGGCTACGGATCCTCCTCTAGGACACACCCGTGTCGTGGAAAATGGTCGACGGGGAGCTGATTCATTCCAACACTCTTGAGGCCGTTTCTATAAACGGTGACGCATGTTATATGGGTCATATCTCTGTTCCTCTGCTGTAATCGTGAGTCGGATCACTGGTTGAGAGGACTCAATATGAGAAGCATCCATTGGTAACTTTCAATTGTACAGGTCTCTGGCTTA,-0.4034799337387085,-0.40347984433174133,-0.40347984433174133,0.0574311688542366
seq_0003,2,ACGTTCAGAAGCGCGCGACTCTACCGTCGTTAAGCACCTGACGTACTCGCCATTTAGAGGCGTCTTCTATCATAGTTAGGCTACGGATCCTCCTCTAGGACACACCCGTGTCGTGGAAAATGGTCGACGGGGAGCTGATTCATTCCAACACTCTTGAGGCCGTTTCTATAAACGGTGACGCATGTTATATGGGTCATATCTCTGTTCCTCTGCTGTAATCGTGAGTCGGATCACTGGTTGAGAGGACTCAATATGAGAAGCATCCATTGGTAACTTTCAATTGTACAGGTCTCTGGCTTA,-0.4034799337387085,-0.40347984433174133,-0.40347984433174133,0.05743114650249481
seq_0003,3,ACGTTCAGAAGCGCGCGACTCTACCGTCGTTAAGCACCTGACGTACTCGCCATTTAGAGGCGTCTTCTATCATAGTTAGGCTACGGATCCTCCTCTAGGACACACCCGTGTCGTGGAAAATGGTCGACGGGGAGCTGATTCATTCCAACACTCTTGAGGCCGTTTCTATAAACGGTGACGCATGTTATATGGGTCATATCTCTGTTCCTCTGCTGTAATCGTGAGTCGGATCACTGGTTGAGAGGACTCAATATGAGAAGCATCCATTGGTAACTTTCAATTGTACAGGTCTCTGGCTTA,-0.4034799337387085,-0.40347984433174133,-0.40347984433174133,0.05743025615811348
seq_0003,4,ACGTTCAGAAGCGCGCGACTCTACCGTCGTTAAGCACCTGACGTACTCGCCATTTAGAGGCGTCTTCTATCATAGTTAGGCTACGGATCCTCCTCTAGGACACACCCGTGTCGTGGAAAATGGTCGACGGGGAGCTGATTCATTCCAACACTCTTGAGGCCGTTTCTATAAACGGTGACGCATGTTATATGGGTCATATCTCTGTTCCTCTGCTGTAATCGTGAGTCGGATCACTGGTTGAGAGGACTCAATATGAGAAGCATCCATTGGTAACTTTCAATTGTACAGGTCTCTGGCTTA,-0.4034799337387085,-0.40347984433174133,-0.40347984433174133,0.05743113160133362
seq_0003,5,ACGTTCAGAAGCGCGCGACTCTACCGTCGTTAAGCACCTGACGTACTCGCCATTTAGAGGCGTCTTCTATCATAGTTAGGCTACGGATCCTCCTCTAGGACACACCCGTGTCGTGGAAAATGGTCGACGGGGAGCTGATTCATTCCAACACTCTTGAGGCCGTTTCTATAAACGGTGACGCATGTTATATGGGTCATATCTCTGTTCCTCTGCTGTAATCGTGAGTCGGATCACTGGTTGAGAGGACTCAATATGAGAAGCATCCATTGGTAACTTTCAATTGTACAGGTCTCTGGCTTA,-0.4034799337387085,-0.40347984433174133,-0.40347984433174133,0.05743114650249481
seq_0003,6,ACGTTCAGAAGCGCGCGACTCTACCGTCGTTAAGCACCTGACGTACTCGCCATTTAGAGGCGTCTTCTATCATAGTTAGGCTACGGATCCTCCTCTAGGACACACCCGTGTCGTGGAAAATGGTCGACGGGGAGCTGATTCATTCCAACACTCTTGAGGCCGTTTCTATAAACGGTGACGCATGTTATATGGGTCATATCTCTGTTCCTCTGCTGTAATCGTGAGTCGGATCACTGGTTGAGAGGACTCAATATGAGAAGCATCCATTGGTAACTTTCAATTGTACAGGTCTCTGGCTTA,-0.4034799337387085,-0.40347984433174133,-0.40347984433174133,0.0574311837553978
seq_0003,7,ACGTTCAGAAGCGCGCGACTCTACCGTCGTTAAGCACCTGACGTACTCGCCATTTAGAGGCGTCTTCTATCATAGTTAGGCTACGGATCCTCCTCTAGGACACACCCGTGTCGTGGAAAATGGTCGACGGGGAGCTGATTCATTCCAACACTCTTGAGGCCGTTTCTATAAACGGTGACGCATGTTATATGGGTCATATCTCTGTTCCTCTGCTGTAATCGTGAGTCGGATCACTGGTTGAGAGGACTCAATATGAGAAGCATCCATTGGTAACTTTCAATTGTACAGGTCTCTGGCTTA,-0.4034799337387085,-0.40347984433174133,-0.40347984433174133,0.05743113160133362
seq_0003,8,ACGTTCAGAAGCGCGCGACTCTACCGTCGTTAAGCACCTGACGTACTCGCCATTTAGAGGCGTCTTCTATCATAGTTAGGCTACGGATCCTCCTCTAGGACACACCCGTGTCGTGGAAAATGGTCGACGGGGAGCTGATTCATTCCAACACTCTTGAGGCCGTTTCTATAAACGGTGACGCATGTTATATGGGTCATATCTCTGTTCCTCTGCTGTAATCGTGAGTCGGATCACTGGTTGAGAGGACTCAATATGAGAAGCATCCATTGGTAACTTTCAATTGTACAGGTCTCTGGCTTA,-0.4034799337387085,-0.40347984433174133,-0.40347984433174133,0.05743114650249481
seq_0003,9,ACGTTCAGAAGCGCGCGACTCTACCGTCGTTAAGCACCTGACGTACTCGCCATTTAGAGGCGTCTTCTATCATAGTTAGGCTACGGATCCTCCTCTAGGACACACCCGTGTCGTGGAAAATGGTCGACGGGGAGCTGATTCATTCCAACACTCTTGAGGCCGTTTCTATAAACGGTGACGCATGTTATATGGGTCATATCTCTGTTCCTCTGCTGTAATCGTGAGTCGGATCACTGGTTGAGAGGACTCAATATGAGAAGCATCCATTGGTAACTTTCAATTGTACAGGTCTCTGGCTTA,-0.4034799337387085,-0.40347984433174133,-0.40347984433174133,0.05743115767836571
seq_0003,10,ACGTTCAGAAGCGCGCGACTCTACCGTCGTTAAGCACCTGACGTACTCGCCATTTAGAGGCGTCTTCTATCATAGTTAGGCTACGGATCCTCCTCTAGGACACACCCGTGTCGTGGAAAATGGTCGACGGGGAGCTGATTCATTCCAACACTCTTGAGGCCGTTTCTATAAACGGTGACGCATGTTATATGGGTCATATCTCTGTTCCTCTGCTGTAATCGTGAGTCGGATCACTGGTTGAGAGGACTCAATATGAGAAGCATCCATTGGTAACTTTCAATTGTACAGGTCTCTGGCTTA,-0.4034799337387085,-0.40347984433174133,-0.40347984433174133,0.05743112415075302
seq_0003,11,ACGTTCAGAAGCGCGCGACTCTACCGTCGTTAAGCACCTGACGTACTCGCCATTTAGAGGCGTCTTCTATCATAGTTAGGCTACGGATCCTCCTCTAGGACACACCCGTGTCGTGGAAAATGGTCGACGGGGAGCTGATTCATTCCAACACTCTTGAGGCCGTTTCTATAAACGGTGACGCATGTTATATGGGTCATATCTCTGTTCCTCTGCTGTAATCGTGAGTCGGATCACTGGTTGAGAGGACTCAATATGAGAAGCATCCATTGGTAACTTTCAATTGTACAGGTCTCTGGCTTA,-0.4034799337387085,-0.40347984433174133,-0.40347984433174133,0.05743127316236496
seq_0004,0,ACGTACAGAAGCGCGCGACTGTACCGTCGTTAAGCACCTAACGTACTCGCCATTTAGAGGCGTCTTCTTTCATAGTTAGGCTACGGATCCTCCTCTAGGACACACCCGTGTCGTGGAAAATGGTCGACGGGGAGCTGATTCATTCCAACACTCTTGAGGCCGTTTCTATAAACGGTGACGCATGTTATATGGGTCATATCTCTGTTCCTCTGCTGTAATCATGAGTCGGATCACTGGTTGAGAGGACTCAATATGAGAAGCATCCGTTGGTAACTTTCAATTGTTCAGGTCTCTGGCTTA,-0.40521755814552307,-0.40521755814552307,-0.40521755814552307,0.05558725446462631
seq_0004,1,ACGTACAGAAGCGCGCGACTGTACCGTCGTTAAGCACCTAACGTACTCGCCATTTAGAGGCGTCTTCTTTCATAGTTAGGCTACGGATCCTCCTCTAGGACACACCCGTGTCGTGGAAAATGGTCGACGGGGAGCTGATTCATTCCAACACTCTTGAGGCCGTTTCTATAAACGGTGACGCATGTTATATGGGTCATATCTCTGTTCCTCTGCTGTAATCATGAGTCGGATCACTGGTTGAGAGGACTCAATATGAGAAGCATCCGTTGGTAACTTTCAATTGTTCAGGTCTCTGGCTTA,-0.40521755814552307,-0.40521755814552307,-0.40521755814552307,0.055587004870176315
seq_0004,2,ACGTACAGAAGCGCGCGACTGTACCGTCGTTAAGCACCTAACGTACTCGCCATTTAGAGGCGTCTTCTTTCATAGTTAGGCTACGGATCCTCCTCTAGGACACACCCGTGTCGTGGAAAATGGTCGACGGGGAGCTGATTCATTCCAACACTCTTGAGGCCGTTTCTATAAACGGTGACGCATGTTATATGGGTCATATCTCTGTTCCTCTGCTGTAATCATGAGTCGGATCACTGGTTGAGAGGACTCAATATGAGAAGCATCCGTTGGTAACTTTCAATTGTTCAGGTCTCTGGCTTA,-0.40521755814552307,-0.40521755814552307,-0.40521755814552307,0.05558554455637932
seq_0004,3,ACGTACAGAAGCGCGCGACTGTACCGTCGTTAAGCACCTAACGTACTCGCCATTTAGAGGCGTCTTCTTTCATAGTTAGGCTACGGATCCTCCTCTAGGACACACCCGTGTCGTGGAAAATGGTCGACGGGGAGCTGATTCATTCCAACACTCTTGAGGCCGTTTCTATAAACGGTGACGCATGTTATATGGGTCATATCTCTGTTCCTCTGCTGTAATCATGAGTCGGATCACTGGTTGAGAGGACTCAATATGAGAAGCATCCGTTGGTAACTTTCAATTGTTCAGGTCTCTGGCTTA,-0.40521755814552307,-0.40521755814552307,-0.40521755814552307,0.055587004870176315
seq_0004,4,ACGTACAGAAGCGCGCGACTGTACCGTCGTTAAGCACCTAACGTACTCGCCATTTAGAGGCGTCTTCTTTCATAGTTAGGCTACGGATCCTCCTCTAGGACACACCCGTGTCGTGGAAAATGGTCGACGGGGAGCTGATTCATTCCAACACTCTTGAGGCCGTTTCTATAAACGGTGACGCATGTTATATGGGTCATATCTCTGTTCCTCTGCTGTAATCATGAGTCGGATCACTGGTTGAGAGGACTCAATATGAGAAGCATCCGTTGGTAACTTTCAATTGTTCAGGTCTCTGGCTTA,-0.40521755814552307,-0.40521755814552307,-0.40521755814552307,0.05558701977133751
seq_0004,5,ACGTACAGAAGCGCGCGACTGTACCGTCGTTAAGCACCTAACGTACTCGCCATTTAGAGGCGTCTTCTTTCATAGTTAGGCTACGGATCCTCCTCTAGGACACACCCGTGTCGTGGAAAATGGTCGACGGGGAGCTGATTCATTCCAACACTCTTGAGGCCGTTTCTATAAACGGTGACGCATGTTATATGGGTCATATCTCTGTTCCTCTGCTGTAATCATGAGTCGGATCACTGGTTGAGAGGACTCAATATGAGAAGCATCCGTTGGTAACTTTCAATTGTTCAGGTCTCTGGCTTA,-0.40521755814552307,-0.40521755814552307,-0.40521755814552307,0.055587004870176315
seq_0004,6,ACGTACAGAAGCGCGCGACTGTACCGTCGTTAAGCACCTAACGTACTCGCCATTTAGAGGCGTCTTCTTTCATAGTTAGGCTACGGATCCTCCTCTAGGACACACCCGTGTCGTGGAAAATGGTCGACGGGGAGCTGATTCATTCCAACACTCTTGAGGCCGTTTCTATAAACGGTGACGCATGTTATATGGGTCATATCTCTGTTCCTCTGCTGTAATCATGAGTCGGATCACTGGTTGAGAGGACTCAATATGAGAAGCATCCGTTGGTAACTTTCAATTGTTCAGGTCTCTGGCTTA,-0.40521755814552307,-0.40521755814552307,-0.40521755814552307,0.05558709427714348
seq_0004,7,ACGTACAGAAGCGCGCGACTGTACCGTCGTTAAGCACCTAACGTACTCGCCATTTAGAGGCGTCTTCTTTCATAGTTAGGCTACGGATCCTCCTCTAGGACACACCCGTGTCGTGGAAAATGGTCGACGGGGAGCTGATTCATTCCAACACTCTTGAGGCCGTTTCTATAAACGGTGACGCATGTTATATGGGTCATATCTCTGTTCCTCTGCTGTAATCATGAGTCGGATCACTGGTTGAGAGGACTCAATATGAGAAGCATCCGTTGGTAACTTTCAATTGTTCAGGTCTCTGGCTTA,-0.40521755814552307,-0.40521755814552307,-0.40521755814552307,0.05558576062321663
seq_0004,8,ACGTACAGAAGCGCGCGACTGTACCGTCGTTAAGCACCTAACGTACTCGCCATTTAGAGGCGTCTTCTTTCATAGTTAGGCTACGGATCCTCCTCTAGGACACACCCGTGTCGTGGAAAATGGTCGACGGGGAGCTGATTCATTCCAACACTCTTGAGGCCGTTTCTATAAACGGTGACGCATGTTATATGGGTCATATCTCTGTTCCTCTGCTGTAATCATGAGTCGGATCACTGGTTGAGAGGACTCAATATGAGAAGCATCCGTTGGTAACTTTCAATTGTTCAGGTCTCTGGCTTA,-0.40521755814552307,-0.40521755814552307,-0.40521755814552307,0.05558697506785393
seq_0004,9,ACGTACAGAAGCGCGCGACTGTACCGTCGTTAAGCACCTAACGTACTCGCCATTTAGAGGCGTCTTCTTTCATAGTTAGGCTACGGATCCTCCTCTAGGACACACCCGTGTCGTGGAAAATGGTCGACGGGGAGCTGATTCATTCCAACACTCTTGAGGCCGTTTCTATAAACGGTGACGCATGTTATATGGGTCATATCTCTGTTCCTCTGCTGTAATCATGAGTCGGATCACTGGTTGAGAGGACTCAATATGAGAAGCATCCGTTGGTAACTTTCAATTGTTCAGGTCTCTGGCTTA,-0.40521755814552307,-0.40521755814552307,-0.40521755814552307,0.055587030947208405
seq_0004,10,ACGTACAGAAGCGCGCGACTGTACCGTCGTTAAGCACCTAACGTACTCGCCATTTAGAGGCGTCTTCTTTCATAGTTAGGCTACGGATCCTCCTCTAGGACACACCCGTGTCGTGGAAAATGGTCGACGGGGAGCTGATTCATTCCAACACTCTTGAGGCCGTTTCTATAAACGGTGACGCATGTTATATGGGTCATATCTCTGTTCCTCTGCTGTAATCATGAGTCGGATCACTGGTTGAGAGGACTCAATATGAGAAGCATCCGTTGGTAACTTTCAATTGTTCAGGTCTCTGGCTTA,-0.40521755814552307,-0.40521755814552307,-0.40521755814552307,0.055587004870176315
seq_0004,11,ACGTACAGAAGCGCGCGACTGTACCGTCGTTAAGCACCTAACGTACTCGCCATTTAGAGGCGTCTTCTTTCATAGTTAGGCTACGGATCCTCCTCTAGGACACACCCGTGTCGTGGAAAATGGTCGACGGGGAGCTGATTCATTCCAACACTCTTGAGGCCGTTTCTATAAACGGTGACGCATGTTATATGGGTCATATCTCTGTTCCTCTGCTGTAATCATGAGTCGGATCACTGGTTGAGAGGACTCAATATGAGAAGCATCCGTTGGTAACTTTCAATTGTTCAGGTCTCTGGCTTA,-0.40521755814552307,-0.40521755814552307,-0.40521755814552307,0.055587004870176315
seq_0005,0,ACGTTCAGAAGCGCGCGACTGTACTGTCGTTAAGCACCTTACGTACTCGCCATTTAGAGGCGTCTTCTATCATAGTTAGGCTACGGATCCTCCTCTAGGACACACCCGTGTCGTGGAAAATGGTCGACGGAGAGCTGATTCATTCCAACACTCTTGAGGCCGTTTCTATACACGGTGACGCATGTTATATGGGTCATATCTCTGTTCCTCTGCTGTAATCATGAGTCGGATCACTGGTTGAGAGGACTCAATATGAGAAGCATCCGTTGGTAACTTTCAATTGTTCAGGTCTCTGGCTTA,-0.4442550539970398,-0.4442550241947174,-0.4442550241947174,0.05804857984185219
seq_0005,1,ACGTTCAGAAGCGCGCGACTGTACTGTCGTTAAGCACCTTACGTACTCGCCATTTAGAGGCGTCTTCTATCATAGTTAGGCTACGGATCCTCCTCTAGGACACACCCGTGTCGTGGAAAATGGTCGACGGAGAGCTGATTCATTCCAACACTCTTGAGGCCGTTTCTATACACGGTGACGCATGTTATATGGGTCATATCTCTGTTCCTCTGCTGTAATCATGAGTCGGATCACTGGTTGAGAGGACTCAATATGAGAAGCATCCGTTGGTAACTTTCAATTGTTCAGGTCTCTGGCTTA,-0.4442550539970398,-0.4442550241947174,-0.4442550241947174,0.05804857984185219
seq_0005,2,ACGTTCAGAAGCGCGCGACTGTACTGTCGTTAAGCACCTTACGTACTCGCCATTTAGAGGCGTCTTCTATCATAGTTAGGCTACGGATCCTCCTCTAGGACACACCCGTGTCGTGGAAAATGGTCGACGGAGAGCTGATTCATTCCAACACTCTTGAGGCCGTTTCTATACACGGTGACGCATGTTATATGGGTCATATCTCTGTTCCTCTGCTGTAATCATGAGTCGGATCACTGGTTGAGAGGACTCAATATGAGAAGCATCCGTTGGTAACTTTCAATTGTTCAGGTCTCTGGCTTA,-0.4442550539970398,-0.4442550241947174,-0.4442550241947174,0.05804862454533577
seq_0005,3,ACGTTCAGAAGCGCGCGACTGTACTGTCGTTAAGCACCTTACGTACTCGCCATTTAGAGGCGTCTTCTATCATAGTTAGGCTACGGATCCTCCTCTAGGACACACCCGTGTCGTGGAAAATGGTCGACGGAGAGCTGATTCATTCCAACACTCTTGAGGCCGTTTCTATACACGGTGACGCATGTTATATGGGTCATATCTCTGTTCCTCTGCTGTAATCATGAGTCGGATCACTGGTTGAGAGGACTCAATATGAGAAGCATCCGTTGGTAACTTTCAATTGTTCAGGTCTCTGGCTTA,-0.4442550539970398,-0.4442550241947174,-0.4442550241947174,0.05804862454533577
seq_0005,4,ACGTTCAGAAGCGCGCGACTGTACTGTCGTTAAGCACCTTACGTACTCGCCATTTAGAGGCGTCTTCTATCATAGTTAGGCTACGGATCCTCCTCTAGGACACACCCGTGTCGTGGAAAATGGTCGACGGAGAGCTGATTCATTCCAACACTCTTGAGGCCGTTTCTATACACGGTGACGCATGTTATATGGGTCATATCTCTGTTCCTCTGCTGTAATCATGAGTCGGATCACTGGTTGAGAGGACTCAATATGAGAAGCATCCGTTGGTAACTTTCAATTGTTCAGGTCTCTGGCTTA,-0.4442550539970398,-0.4442550241947174,-0.4442550241947174,0.058048591017723083
seq_0005,5,ACGTTCAGAAGCGCGCGACTGTACTGTCGTTAAGCACCTTACGTACTCGCCATTTAGAGGCGTCTTCTATCATAGTTAGGCTACGGATCCTCCTCTAGGACACACCCGTGTCGTGGAAAATGGTCGACGGAGAGCTGATTCATTCCAACACTCTTGAGGCCGTTTCTATACACGGTGACGCATGTTATATGGGTCATATCTCTGTTCCTCTGCTGTAATCATGAGTCGGATCACTGGTTGAGAGGACTCAATATGAGAAGCATCCGTTGGTAACTTTCAATTGTTCAGGTCTCTGGCTTA,-0.4442550539970398,-0.4442550241947174,-0.4442550241947174,0.05804860591888428
seq_0005,6,ACGTTCAGAAGCGCGCGACTGTACTGTCGTTAAGCACCTTACGTACTCGCCATTTAGAGGCGTCTTCTATCATAGTTAGGCTACGGATCCTCCTCTAGGACACACCCGTGTCGTGGAAAATGGTCGACGGAGAGCTGATTCATTCCAACACTCTTGAGGCCGTTTCTATACACGGTGACGCATGTTATATGGGTCATATCTCTGTTCCTCTGCTGTAATCATGAGTCGGATCACTGGTTGAGAGGACTCAATATGAGAAGCATCCGTTGGTAACTTTCAATTGTTCAGGTCTCTGGCTTA,-0.4442550539970398,-0.4442550241947174,-0.4442550241947174,0.05804859846830368
seq_0005,7,ACGTTCAGAAGCGCGCGACTGTACTGTCGTTAAGCACCTTACGTACTCGCCATTTAGAGGCGTCTTCTATCATAGTTAGGCTACGGATCCTCCTCTAGGACACACCCGTGTCGTGGAAAATGGTCGACGGAGAGCTGATTCATTCCAACACTCTTGAGGCCGTTTCTATACACGGTGACGCATGTTATATGGGTCATATCTCTGTTCCTCTGCTGTAATCATGAGTCGGATCACTGGTTGAGAGGACTCAATATGAGAAGCATCCGTTGGTAACTTTCAATTGTTCAGGTCTCTGGCTTA,-0.4442550539970398,-0.4442550241947174,-0.4442550241947174,0.05804862827062607
seq_0005,8,ACGTTCAGAAGCGCGCGACTGTACTGTCGTTAAGCACCTTACGTACTCGCCATTTAGAGGCGTCTTCTATCATAGTTAGGCTACGGATCCTCCTCTAGGACACACCCGTGTCGTGGAAAATGGTCGACGGAGAGCTGATTCATTCCAACACTCTTGAGGCCGTTTCTATACACGGTGACGCATGTTATATGGGTCATATCTCTGTTCCTCTGCTGTAATCATGAGTCGGATCACTGGTTGAGAGGACTCAATATGAGAAGCATCCGTTGGTAACTTTCAATTGTTCAGGTCTCTGGCTTA,-0.4442550539970398,-0.4442550241947174,-0.4442550241947174,0.058048564940690994
seq_0005,9,ACGTTCAGAAGCGCGCGACTGTACTGTCGTTAAGCACCTTACGTACTCGCCATTTAGAGGCGTCTTCTATCATAGTTAGGCTACGGATCCTCCTCTAGGACACACCCGTGTCGTGGAAAATGGTCGACGGAGAGCTGATTCATTCCAACACTCTTGAGGCCGTTTCTATACACGGTGACGCATGTTATATGGGTCATATCTCTGTTCCTCTGCTGTAATCATGAGTCGGATCACTGGTTGAGAGGACTCAATATGAGAAGCATCCGTTGGTAACTTTCAATTGTTCAGGTCTCTGGCTTA,-0.4442550539970398,-0.4442550241947174,-0.4442550241947174,0.05804861709475517
seq_0005,10,ACGTTCAGAAGCGCGCGACTGTACTGTCGTTAAGCACCTTACGTACTCGCCATTTAGAGGCGTCTTCTATCATAGTTAGGCTACGGATCCTCCTCTAGGACACACCCGTGTCGTGGAAAATGGTCGACGGAGAGCTGATTCATTCCAACACTCTTGAGGCCGTTTCTATACACGGTGACGCATGTTATATGGGTCATATCTCTGTTCCTCTGCTGTAATCATGAGTCGGATCACTGGTTGAGAGGACTCAATATGAGAAGCATCCGTTGGTAACTTTCAATTGTTCAGGTCTCTGGCTTA,-0.4442550539970398,-0.4442550241947174,-0.4442550241947174,0.05804860591888428
seq_0005,11,ACGTTCAGAAGCGCGCGACTGTACTGTCGTTAAGCACCTTACGTACTCGCCATTTAGAGGCGTCTTCTATCATAGTTAGGCTACGGATCCTCCTCTAGGACACACCCGTGTCGTGGAAAATGGTCGACGGAGAGCTGATTCATTCCAACACTCTTGAGGCCGTTTCTATACACGGTGACGCATGTTATATGGGTCATATCTCTGTTCCTCTGCTGTAATCATGAGTCGGATCACTGGTTGAGAGGACTCAATATGAGAAGCATCCGTTGGTAACTTTCAATTGTTCAGGTCTCTGGCTTA,-0.4442550539970398,-0.4442550241947174,-0.4442550241947174,0.05804778262972832
seq_0006,0,ACGTTCAGAAGCGCGCGACTGTACCGTCGTTAAGCACCTGACGTACTCGCCATTTAGAGGCGTCTTCTATCATAGTTAGGCTACGGATCCTCCTCTAGGACACACCCGTGTCGTGGAAAATGGTCGACGGGGAGCTGATTCATTCCAACACTCTTGAGGCCGTTTCTATAAACGGTGACGCATGTTATATGGGTCATATCTCTGTTCCTCTGCTGTAATCATGAGTCGGATCACTGGTTGAGAGGACTCAATATGAGAAGCATCCGTTGGTAACTTTCAATTGTTCAGGTCTCTGGCTTA,-0.4457505941390991,-0.44575053453445435,-0.44575053453445435,0.050839584320783615
seq_0006,1,ACGTTCAGAAGCGCGCGACTGTACCGTCGTTAAGCACCTGACGTACTCGCCATTTAGAGGCGTCTTCTATCATAGTTAGGCTACGGATCCTCCTCTAGGACACACCCGTGTCGTGGAAAATGGTCGACGGGGAGCTGATTCATTCCAACACTCTTGAGGCCGTTTCTATAAACGGTGACGCATGTTATATGGGTCATATCTCTGTTCCTCTGCTGTAATCATGAGTCGGATCACTGGTTGAGAGGACTCAATATGAGAAGCATCCGTTGGTAACTTTCAATTGTTCAGGTCTCTGGCTTA,-0.4465336203575134,-0.44653356075286865,-0.44653356075286865,0.05062546208500862
seq_0006,2,ACGTTCAGAAGCGCGCGACTGTACCGTCGTTAAGCACCTGACGTACTCGCCATTTAGAGGCGTCTTCTATCATAGTTAGGCTACGGATCCTCCTCTAGGACACACCCGTGTCGTGGAAAATGGTCGACGGGGAGCTGATTCATTCCAACACTCTTGAGGCCGTTTCTATAAACGGTGACGCATGTTATATGGGTCATATCTCTGTTCCTCTGCTGTAATCATGAGTCGGATCACTGGTTGAGAGGACTCAATATGAGAAGCATCCGTTGGTAACTTTCAATTGTTCAGGTCTCTGGCTTA,-0.4465336203575134,-0.44653356075286865,-0.44653356075286865,0.05062535032629967
seq_0006,3,ACGTTCAGAAGCGCGCGACTGTACCGTCGTTAAGCACCTGACGTACTCGCCATTTAGAGGCGTCTTCTATCATAGTTAGGCTACGGATCCTCCTCTAGGACACACCCGTGTCGTGGAAAATGGTCGACGGGGAGCTGATTCATTCCAACACTCTTGAGGCCGTTTCTATAAACGGTGACGCATGTTATATGGGTCATATCTCTGTTCCTCTGCTGTAATCATGAGTCGGATCACTGGTTGAGAGGACTCAATATGAGAAGCATCCGTTGGTAACTTTCAATTGTTCAGGTCTCTGGCTTA,-0.4465336203575134,-0.44653356075286865,-0.44653356075286865,0.050625260919332504
seq_0006,4,ACGTTCAGAAGCGCGCGACTGTACCGTCGTTAAGCACCTGACGTACTCGCCATTTAGAGGCGTCTTCTATCATAGTTAGGCTACGGATCCTCCTCTAGGACACACCCGTGTCGTGGAAAATGGTCGACGGGGAGCTGATTCATTCCAACACTCTTGAGGCCGTTTCTATAAACGGTGACGCATGTTATATGGGTCATATCTCTGTTCCTCTGCTGTAATCATGAGTCGGATCACTGGTTGAGAGGACTCAATATGAGAAGCATCCGTTGGTAACTTTCAATTGTTCAGGTCTCTGGCTTA,-0.4465336203575134,-0.44653356075286865,-0.44653356075286865,0.050618745386600494
seq_0006,5,ACGTTCAGAAGCGCGCGACTGTACCGTCGTTAAGCACCTGACGTACTCGCCATTTAGAGGCGTCTTCTATCATAGTTAGGCTACGGATCCTCCTCTAGGACACACCCGTGTCGTGGAAAATGGTCGACGGGGAGCTGATTCATTCCAACACTCTTGAGGCCGTTTCTATAAACGGTGACGCATGTTATATGGGTCATATCTCTGTTCCTCTGCTGTAATCATGAGTCGGATCACTGGTTGAGAGGACTCAATATGAGAAGCATCCGTTGGTAACTTTCAATTGTTCAGGTCTCTGGCTTA,-0.4465336203575134,-0.44653356075286865,-0.44653356075286865,0.05062668398022652
seq_0006,6,ACGTTCAGAAGCGCGCGACTGTACCGTCGTTAAGCACCTGACGTACTCGCCATTTAGAGGCGTCTTCTATCATAGTTAGGCTACGGATCCTCCTCTAGGACACACCCGTGTCGTGGAAAATGGTCGACGGGGAGCTGATTCATTCCAACACTCTTGAGGCCGTTTCTATAAACGGTGACGCATGTTATATGGGTCATATCTCTGTTCCTCTGCTGTAATCATGAGTCGGATCACTGGTTGAGAGGACTCAATATGAGAAGCATCCGTTGGTAACTTTCAATTGTTCAGGTCTCTGGCTTA,-0.4465336203575134,-0.44653356075286865,-0.44653356075286865,0.05062519758939743
seq_0006,7,ACGTTCAGAAGCGCGCGACTGTACCGTCGTTAAGCACCTGACGTACTCGCCATTTAGAGGCGTCTTCTATCATAGTTAGGCTACGGATCCTCCTCTAGGACACACCCGTGTCGTGGAAAATGGTCGACGGGGAGCTGATTCATTCCAACACTCTTGAGGCCGTTTCTATAAACGGTGACGCATGTTATATGGGTCATATCTCTGTTCCTCTGCTGTAATCATGAGTCGGATCACTGGTTGAGAGGACTCAATATGAGAAGCATCCGTTGGTAACTTTCAATTGTTCAGGTCTCTGGCTTA,-0.4465336203575134,-0.44653356075286865,-0.44653356075286865,0.05062524974346161
seq_0006,8,ACGTTCAGAAGCGCGCGACTGTACCGTCGTTAAGCACCTGACGTACTCGCCATTTAGAGGCGTCTTCTATCATAGTTAGGCTACGGATCCTCCTCTAGGACACACCCGTGTCGTGGAAAATGGTCGACGGGGAGCTGATTCATTCCAACACTCTTGAGGCCGTTTCTATAAACGGTGACGCATGTTATATGGGTCATATCTCTGTTCCTCTGCTGTAATCATGAGTCGGATCACTGGTTGAGAGGACTCAATATGAGAAGCATCCGTTGGTAACTTTCAATTGTTCAGGTCTCTGGCTTA,-0.4465336203575134,-0.44653356075286865,-0.44653356075286865,0.050626710057258606
seq_0006,9,ACGTTCAGAAGCGCGCGACTGTACCGTCGTTAAGCACCTGACGTACTCGCCATTTAGAGGCGTCTTCTATCATAGTTAGGCTACGGATCCTCCTCTAGGACACACCCGTGTCGTGGAAAATGGTCGACGGGGAGCTGATTCATTCCAACACTCTTGAGGCCGTTTCTATAAACGGTGACGCATGTTATATGGGTCATATCTCTGTTCCTCTGCTGTAATCATGAGTCGGATCACTGGTTGAGAGGACTCAATATGAGAAGCATCCGTTGGTAACTTTCAATTGTTCAGGTCTCTGGCTTA,-0.4465336203575134,-0.44653356075286865,-0.44653356075286865,0.05062662810087204
seq_0006,10,ACGTTCAGAAGCGCGCGACTGTACCGTCGTTAAGCACCTGACGTACTCGCCATTTAGAGGCGTCTTCTATCATAGTTAGGCTACGGATCCTCCTCTAGGACACACCCGTGTCGTGGAAAATGGTCGACGGGGAGCTGATTCATTCCAACACTCTTGAGGCCGTTTCTATAAACGGTGACGCATGTTATATGGGTCATATCTCTGTTCCTCTGCTGTAATCATGAGTCGGATCACTGGTTGAGAGGACTCAATATGAGAAGCATCCGTTGGTAACTTTCAATTGTTCAGGTCTCTGGCTTA,-0.4465336203575134,-0.44653356075286865,-0.44653356075286865,0.05062546953558922
seq_0006,11,ACGTTCAGAAGCGCGCGACTGTACCGTCGTTAAGCACCTGACGTACTCGCCATTTAGAGGCGTCTTCTATCATAGTTAGGCTACGGATCCTCCTCTAGGACACACCCGTGTCGTGGAAAATGGTCGACGGGGAGCTGATTCATTCCAACACTCTTGAGGCCGTTTCTATAAACGGTGACGCATGTTATATGGGTCATATCTCTGTTCCTCTGCTGTAATCATGAGTCGGATCACTGGTTGAGAGGACTCAATATGAGAAGCATCCGTTGGTAACTTTCAATTGTTCAGGTCTCTGGCTTA,-0.4465336203575134,-0.44653356075286865,-0.44653356075286865,0.050625529140233994
seq_0007,0,ACGTTCAGAAGCGCGCGACTGTACCGTCGTTAAGCACCTGACGTACTCGCCATTCAGAGGCGTCTTCTATCATAGTTAGGCTACGGATCCTCCTCTAGGACACACCCGTGTCGTGGAAAATGGTCGACGTGGAGCTGATTCATTCCAACACTCTTGAGGCCGTTTCTATAAACGGTGACGCATGTTATATGGGTCATATCTCTGTTCCTCTGCTGTAATCACGAGTCGGATCACTGGTTGAGAGGACTCAATATGAGAAGCATCCGTTGGTAACTTTCAATTGTTCAGGTCTCTGGCTTA,-0.3450293242931366,-0.34502941370010376,-0.34502941370010376,0.05793851241469383
seq_0007,1,ACGTTCAGAAGCGCGCGACTGTACCGTCGTTAAGCACCTGACGTACTCGCCATTCAGAGGCGTCTTCTATCATAGTTAGGCTACGGATCCTCCTCTAGGACACACCCGTGTCGTGGAAAATGGTCGACGTGGAGCTGATTCATTCCAACACTCTTGAGGCCGTTTCTATAAACGGTGACGCATGTTATATGGGTCATATCTCTGTTCCTCTGCTGTAATCACGAGTCGGATCACTGGTTGAGAGGACTCAATATGAGAAGCATCCGTTGGTAACTTTCAATTGTTCAGGTCTCTGGCTTA,-0.3450293242931366,-0.34502941370010376,-0.34502941370010376,0.05793842300772667
seq_0007,2,ACGTTCAGAAGCGCGCGACTGTACCGTCGTTAAGCACCTGACGTACTCGCCATTCAGAGGCGTCTTCTATCATAGTTAGGCTACGGATCCTCCTCTAGGACACACCCGTGTCGTGGAAAATGGTCGACGTGGAGCTGATTCATTCCAACACTCTTGAGGCCGTTTCTATAAACGGTGACGCATGTTATATGGGTCATATCTCTGTTCCTCTGCTGTAATCACGAGTCGGATCACTGGTTGAGAGGACTCAATATGAGAAGCATCCGTTGGTAACTTTCAATTGTTCAGGTCTCTGGCTTA,-0.3450293242931366,-0.34502941370010376,-0.34502941370010376,0.05793848633766174
seq_0007,3,ACGTTCAGAAGCGCGCGACTGTACCGTCGTTAAGCACCTGACGTACTCGCCATTCAGAGGCGTCTTCTATCATAGTTAGGCTACGGATCCTCCTCTAGGACACACCCGTGTCGTGGAAAATGGTCGACGTGGAGCTGATTCATTCCAACACTCTTGAGGCCGTTTCTATAAACGGTGACGCATGTTATATGGGTCATATCTCTGTTCCTCTGCTGTAATCACGAGTCGGATCACTGGTTGAGAGGACTCAATATGAGAAGCATCCGTTGGTAACTTTCAATTGTTCAGGTCTCTGGCTTA,-0.3450293242931366,-0.34502941370010376,-0.34502941370010376,0.05793842300772667
seq_0007,4,ACGTTCAGAAGCGCGCGACTGTACCGTCGTTAAGCACCTGACGTACTCGCCATTCAGAGGCGTCTTCTATCATAGTTAGGCTACGGATCCTCCTCTAGGACACACCCGTGTCGTGGAAAATGGTCGACGTGGAGCTGATTCATTCCAACACTCTTGAGGCCGTTTCTATAAACGGTGACGCATGTTATATGGGTCATATCTCTGTTCCTCTGCTGTAATCACGAGTCGGATCACTGGTTGAGAGGACTCAATATGAGAAGCATCCGTTGGTAACTTTCAATTGTTCAGGTCTCTGGCTTA,-0.3450293242931366,-0.34502941370010376,-0.34502941370010376,0.057937804609537125
seq_0007,5,ACGTTCAGAAGCGCGCGACTGTACCGTCGTTAAGCACCTGACGTACTCGCCATTCAGAGGCGTCTTCTATCATAGTTAGGCTACGGATCCTCCTCTAGGACACACCCGTGTCGTGGAAAATGGTCGACGTGGAGCTGATTCATTCCAACACTCTTGAGGCCGTTTCTATAAACGGTGACGCATGTTATATGGGTCATATCTCTGTTCCTCTGCTGTAATCACGAGTCGGATCACTGGTTGAGAGGACTCAATATGAGAAGCATCCGTTGGTAACTTTCAATTGTTCAGGTCTCTGGCTTA,-0.3450293242931366,-0.34502941370010376,-0.34502941370010376,0.05793837085366249
seq_0007,6,ACGTTCAGAAGCGCGCGACTGTACCGTCGTTAAGCACCTGACGTACTCGCCATTCAGAGGCGTCTTCTATCATAGTTAGGCTACGGATCCTCCTCTAGGACACACCCGTGTCGTGGAAAATGGTCGACGTGGAGCTGATTCATTCCAACACTCTTGAGGCCGTTTCTATAAACGGTGACGCATGTTATATGGGTCATATCTCTGTTCCTCTGCTGTAATCACGAGTCGGATCACTGGTTGAGAGGACTCAATATGAGAAGCATCCGTTGGTAACTTTCAATTGTTCAGGTCTCTGGCTTA,-0.3450293242931366,-0.34502941370010376,-0.34502941370010376,0.05793837085366249
seq_0007,7,ACGTTCAGAAGCGCGCGACTGTACCGTCGTTAAGCACCTGACGTACTCGCCATTCAGAGGCGTCTTCTATCATAGTTAGGCTACGGATCCTCCTCTAGGACACACCCGTGTCGTGGAAAATGGTCGACGTGGAGCTGATTCATTCCAACACTCTTGAGGCCGTTTCTATAAACGGTGACGCATGTTATATGGGTCATATCTCTGTTCCTCTGCTGTAATCACGAGTCGGATCACTGGTTGAGAGGACTCAATATGAGAAGCATCCGTTGGTAACTTTCAATTGTTCAGGTCTCTGGCTTA,-0.3450293242931366,-0.34502941370010376,-0.34502941370010376,0.0579383485019207
seq_0007,8,ACGTTCAGAAGCGCGCGACTGTACCGTCGTTAAGCACCTGACGTACTCGCCATTCAGAGGCGTCTTCTATCATAGTTAGGCTACGGATCCTCCTCTAGGACACACCCGTGTCGTGGAAAATGGTCGACGTGGAGCTGATTCATTCCAACACTCTTGAGGCCGTTTCTATAAACGGTGACGCATGTTATATGGGTCATATCTCTGTTCCTCTGCTGTAATCACGAGTCGGATCACTGGTTGAGAGGACTCAATATGAGAAGCATCCGTTGGTAACTTTCAATTGTTCAGGTCTCTGGCTTA,-0.3450293242931366,-0.34502941370010376,-0.34502941370010376,0.05793827027082443
seq_0007,9,ACGTTCAGAAGCGCGCGACTGTACCGTCGTTAAGCACCTGACGTACTCGCCATTCAGAGGCGTCTTCTATCATAGTTAGGCTACGGATCCTCCTCTAGGACACACCCGTGTCGTGGAAAATGGTCGACGTGGAGCTGATTCATTCCAACACTCTTGAGGCCGTTTCTATAAACGGTGACGCATGTTATATGGGTCATATCTCTGTTCCTCTGCTGTAATCACGAGTCGGATCACTGGTTGAGAGGACTCAATATGAGAAGCATCCGTTGGTAACTTTCAATTGTTCAGGTCTCTGGCTTA,-0.3450293242931366,-0.34502941370010376,-0.34502941370010376,0.05793840438127518
seq_0007,10,ACGTTCAGAAGCGCGCGACTGTACCGTCGTTAAGCACCTGACGTACTCGCCATTCAGAGGCGTCTTCTATCATAGTTAGGCTACGGATCCTCCTCTAGGACACACCCGTGTCGTGGAAAATGGTCGACGTGGAGCTGATTCATTCCAACACTCTTGAGGCCGTTTCTATAAACGGTGACGCATGTTATATGGGTCATATCTCTGTTCCTCTGCTGTAATCACGAGTCGGATCACTGGTTGAGAGGACTCAATATGAGAAGCATCCGTTGGTAACTTTCAATTGTTCAGGTCTCTGGCTTA,-0.3450293242931366,-0.34502941370010376,-0.34502941370010376,0.05793852359056473
seq_0007,11,ACGTTCAGAAGCGCGCGACTGTACCGTCGTTAAGCACCTGACGTACTCGCCATTCAGAGGCGTCTTCTATCATAGTTAGGCTACGGATCCTCCTCTAGGACACACCCGTGTCGTGGAAAATGGTCGACGTGGAGCTGATTCATTCCAACACTCTTGAGGCCGTTTCTATAAACGGTGACGCATGTTATATGGGTCATATCTCTGTTCCTCTGCTGTAATCACGAGTCGGATCACTGGTTGAGAGGACTCAATATGAGAAGCATCCGTTGGTAACTTTCAATTGTTCAGGTCTCTGGCTTA,-0.3450293242931366,-0.34502941370010376,-0.34502941370010376,0.057938333600759506
seq_0008,0,ACGTTCAGAAGCGCGCGACTGTACCGTCGTTAAGGTCCTGACGTACTCGCCATTTAGAGGCGTCTTCTATCATAGTTAGGCTACGGATCCTCCTCTAGGACACACCCGTGTCGTGGAAAATGGTCGACGGGGAGCTGATTCATTCCAACACTCTTGAGGCCGTTTCTATAAACGGTGACGCATGTTATATGGGTCATATCTCTGTTCCTCTGCTGTAATCATGAGTCGGATCACTTGTTGAGAGGACTCAATATGAGAAGCATCCGTTGGTAACTTTTAATTGTTCAGGTCTCTGGCTTA,-0.3456968367099762,-0.3456968665122986,-0.3456968665122986,0.05724528804421425
seq_0008,1,ACGTTCAGAAGCGCGCGACTGTACCGTCGTTAAGGTCCTGACGTACTCGCCATTTAGAGGCGTCTTCTATCATAGTTAGGCTACGGATCCTCCTCTAGGACACACCCGTGTCGTGGAAAATGGTCGACGGGGAGCTGATTCATTCCAACACTCTTGAGGCCGTTTCTATAAACGGTGACGCATGTTATATGGGTCATATCTCTGTTCCTCTGCTGTAATCATGAGTCGGATCACTTGTTGAGAGGACTCAATATGAGAAGCATCCGTTGGTAACTTTTAATTGTTCAGGTCTCTGGCTTA,-0.3456968367099762,-0.3456968665122986,-0.3456968665122986,0.05724530667066574
seq_0008,2,ACGTTCAGAAGCGCGCGACTGTACCGTCGTTAAGGTCCTGACGTACTCGCCATTTAGAGGCGTCTTCTATCATAGTTAGGCTACGGATCCTCCTCTAGGACACACCCGTGTCGTGGAAAATGGTCGACGGGGAGCTGATTCATTCCAACACTCTTGAGGCCGTTTCTATAAACGGTGACGCATGTTATATGGGTCATATCTCTGTTCCTCTGCTGTAATCATGAGTCGGATCACTTGTTGAGAGGACTCAATATGAGAAGCATCCGTTGGTAACTTTTAATTGTTCAGGTCTCTGGCTTA,-0.3456968367099762,-0.3456968665122986,-0.3456968665122986,0.057245172560214996
seq_0008,3,ACGTTCAGAAGCGCGCGACTGTACCGTCGTTAAGGTCCTGACGTACTCGCCATTTAGAGGCGTCTTCTATCATAGTTAGGCTACGGATCCTCCTCTAGGACACACCCGTGTCGTGGAAAATGGTCGACGGGGAGCTGATTCATTCCAACACTCTTGAGGCCGTTTCTATAAACGGTGACGCATGTTATATGGGTCATATCTCTGTTCCTCTGCTGTAATCATGAGTCGGATCACTTGTTGAGAGGACTCAATATGAGAAGCATCCGTTGGTAACTTTTAATTGTTCAGGTCTCTGGCTTA,-0.3456968367099762,-0.3456968665122986,-0.3456968665122986,0.05724530667066574
seq_0008,4,ACGTTCAGAAGCGCGCGACTGTACCGTCGTTAAGGTCCTGACGTACTCGCCATTTAGAGGCGTCTTCTATCATAGTTAGGCTACGGATCCTCCTCTAGGACACACCCGTGTCGTGGAAAATGGTCGACGGGGAGCTGATTCATTCCAACACTCTTGAGGCCGTTTCTATAAACGGTGACGCATGTTATATGGGTCATATCTCTGTTCCTCTGCTGTAATCATGAGTCGGATCACTTGTTGAGAGGACTCAATATGAGAAGCATCCGTTGGTAACTTTTAATTGTTCAGGTCTCTGGCTTA,-0.3456968367099762,-0.3456968665122986,-0.3456968665122986,0.05724526569247246
seq_0008,5,ACGTTCAGAAGCGCGCGACTGTACCGTCGTTAAGGTCCTGACGTACTCGCCATTTAGAGGCGTCTTCTATCATAGTTAGGCTACGGATCCTCCTCTAGGACACACCCGTGTCGTGGAAAATGGTCGACGGGGAGCTGATTCATTCCAACACTCTTGAGGCCGTTTCTATAAACGGTGACGCATGTTATATGGGTCATATCTCTGTTCCTCTGCTGTAATCATGAGTCGGATCACTTGTTGAGAGGACTCAATATGAGAAGCATCCGTTGGTAACTTTTAATTGTTCAGGTCTCTGGCTTA,-0.3456968367099762,-0.3456968665122986,-0.3456968665122986,0.057245153933763504
seq_0008,6,ACGTTCAGAAGCGCGCGACTGTACCGTCGTTAAGGTCCTGACGTACTCGCCATTTAGAGGCGTCTTCTATCATAGTTAGGCTACGGATCCTCCTCTAGGACACACCCGTGTCGTGGAAAATGGTCGACGGGGAGCTGATTCATTCCAACACTCTTGAGGCCGTTTCTATAAACGGTGACGCATGTTATATGGGTCATATCTCTGTTCCTCTGCTGTAATCATGAGTCGGATCACTTGTTGAGAGGACTCAATATGAGAAGCATCCGTTGGTAACTTTTAATTGTTCAGGTCTCTGGCTTA,-0.3456968367099762,-0.3456968665122986,-0.3456968665122986,0.05724530667066574
seq_0008,7,ACGTTCAGAAGCGCGCGACTGTACCGTCGTTAAGGTCCTGACGTACTCGCCATTTAGAGGCGTCTTCTATCATAGTTAGGCTACGGATCCTCCTCTAGGACACACCCGTGTCGTGGAAAATGGTCGACGGGGAGCTGATTCATTCCAACACTCTTGAGGCCGTTTCTATAAACGGTGACGCATGTTATATGGGTCATATCTCTGTTCCTCTGCTGTAATCATGAGTCGGATCACTTGTTGAGAGGACTCAATATGAGAAGCATCCGTTGGTAACTTTTAATTGTTCAGGTCTCTGGCTTA,-0.3456968367099762,-0.3456968665122986,-0.3456968665122986,0.05724530667066574
seq_0008,8,ACGTTCAGAAGCGCGCGACTGTACCGTCGTTAAGGTCCTGACGTACTCGCCATTTAGAGGCGTCTTCTATCATAGTTAGGCTACGGATCCTCCTCTAGGACACACCCGTGTCGTGGAAAATGGTCGACGGGGAGCTGATTCATTCCAACACTCTTGAGGCCGTTTCTATAAACGGTGACGCATGTTATATGGGTCATATCTCTGTTCCTCTGCTGTAATCATGAGTCGGATCACTTGTTGAGAGGACTCAATATGAGAAGCATCCGTTGGTAACTTTTAATTGTTCAGGTCTCTGGCTTA,-0.3456968367099762,-0.3456968665122986,-0.3456968665122986,0.05724530667066574
seq_0008,9,ACGTTCAGAAGCGCGCGACTGTACCGTCGTTAAGGTCCTGACGTACTCGCCATTTAGAGGCGTCTTCTATCATAGTTAGGCTACGGATCCTCCTCTAGGACACACCCGTGTCGTGGAAAATGGTCGACGGGGAGCTGATTCATTCCAACACTCTTGAGGCCGTTTCTATAAACGGTGACGCATGTTATATGGGTCATATCTCTGTTCCTCTGCTGTAATCATGAGTCGGATCACTTGTTGAGAGGACTCAATATGAGAAGCATCCGTTGGTAACTTTTAATTGTTCAGGTCTCTGGCTTA,-0.3456968367099762,-0.3456968665122986,-0.3456968665122986,0.05724530667066574
seq_0008,10,ACGTTCAGAAGCGCGCGACTGTACCGTCGTTAAGGTCCTGACGTACTCGCCATTTAGAGGCGTCTTCTATCATAGTTAGGCTACGGATCCTCCTCTAGGACACACCCGTGTCGTGGAAAATGGTCGACGGGGAGCTGATTCATTCCAACACTCTTGAGGCCGTTTCTATAAACGGTGACGCATGTTATATGGGTCATATCTCTGTTCCTCTGCTGTAATCATGAGTCGGATCACTTGTTGAGAGGACTCAATATGAGAAGCATCCGTTGGTAACTTTTAATTGTTCAGGTCTCTGGCTTA,-0.3456968367099762,-0.3456968665122986,-0.3456968665122986,0.05724530667066574
seq_0008,11,ACGTTCAGAAGCGCGCGACTGTACCGTCGTTAAGGTCCTGACGTACTCGCCATTTAGAGGCGTCTTCTATCATAGTTAGGCTACGGATCCTCCTCTAGGACACACCCGTGTCGTGGAAAATGGTCGACGGGGAGCTGATTCATTCCAACACTCTTGAGGCCGTTTCTATAAACGGTGACGCATGTTATATGGGTCATATCTCTGTTCCTCTGCTGTAATCATGAGTCGGATCACTTGTTGAGAGGACTCAATATGAGAAGCATCCGTTGGTAACTTTTAATTGTTCAGGTCTCTGGCTTA,-0.3456968367099762,-0.3456968665122986,-0.3456968665122986,0.05724530667066574
seq_0009,0,ACGTTCAGAAGCGCGCGACTGTACCGTCGTTAAGCACCTGACGAACTCGCCATTTAGAGGCGTCTTCTATCATAGTTAGGCTACGGATCCTCCTCTAGGACACACCCGTGTCGTGGAAAATGGTCGACGGGGAGCTGATTCATTCCAACACTCTTGAGGCCGTTTCTATAAACGGTGATGCATGTTATATGGGTCATATCTCTGTTCCTCTGCTGTAATCATGAGTCGGATCACTGGTTGAGAGGACTCAATATGAGAAGTATCCGTTGGTAACTTTCAATTGTTCAGGTCTCTGGCTTA,-0.09442447870969772,-0.09442448616027832,-0.09442448616027832,0.05832475796341896
seq_0009,1,ACGTTCAGAAGCGCGCGACTGTACCGTCGTTAAGCACCTGACGAACTCGCCATTTAGAGGCGTCTTCTATCATAGTTAGGCTACGGATCCTCCTCTAGGACACACCCGTGTCGTGGAAAATGGTCGACGGGGAGCTGATTCATTCCAACACTCTTGAGGCCGTTTCTATAAACGGTGATGCATGTTATATGGGTCATATCTCTGTTCCTCTGCTGTAATCATGAGTCGGATCACTGGTTGAGAGGACTCAATATGAGAAGTATCCGTTGGTAACTTTCAATTGTTCAGGTCTCTGGCTTA,-0.09442447870969772,-0.09442448616027832,-0.09442448616027832,0.05832475796341896
seq_0009,2,ACGTTCAGAAGCGCGCGACTGTACCGTCGTTAAGCACCTGACGAACTCGCCATTTAGAGGCGTCTTCTATCATAGTTAGGCTACGGATCCTCCTCTAGGACACACCCGTGTCGTGGAAAATGGTCGACGGGGAGCTGATTCATTCCAACACTCTTGAGGCCGTTTCTATAAACGGTGATGCATGTTATATGGGTCATATCTCTGTTCCTCTGCTGTAATCATGAGTCGGATCACTGGTTGAGAGGACTCAATATGAGAAGTATCCGTTGGTAACTTTCAATTGTTCAGGTCTCTGGCTTA,-0.09442447870969772,-0.09442448616027832,-0.09442448616027832,0.05832475796341896
seq_0009,3,ACGTTCAGAAGCGCGCGACTGTACCGTCGTTAAGCACCTGACGAACTCGCCATTTAGAGGCGTCTTCTATCATAGTTAGGCTACGGATCCTCCTCTAGGACACACCCGTGTCGTGGAAAATGGTCGACGGGGAGCTGATTCATTCCAACACTCTTGAGGCCGTTTCTATAAACGGTGATGCATGTTATATGGGTCATATCTCTGTTCCTCTGCTGTAATCATGAGTCGGATCACTGGTTGAGAGGACTCAATATGAGAAGTATCCGTTGGTAACTTTCAATTGTTCAGGTCTCTGGCTTA,-0.09442447870969772,-0.09442448616027832,-0.09442448616027832,0.05832475796341896
seq_0009,4,ACGTTCAGAAGCGCGCGACTGTACCGTCGTTAAGCACCTGACGAACTCGCCATTTAGAGGCGTCTTCTATCATAGTTAGGCTACGGATCCTCCTCTAGGACACACCCGTGTCGTGGAAAATGGTCGACGGGGAGCTGATTCATTCCAACACTCTTGAGGCCGTTTCTATAAACGGTGATGCATGTTATATGGGTCATATCTCTGTTCCTCTGCTGTAATCATGAGTCGGATCACTGGTTGAGAGGACTCAATATGAGAAGTATCCGTTGGTAACTTTCAATTGTTCAGGTCTCTGGCTTA,-0.09442447870969772,-0.09442448616027832,-0.09442448616027832,0.05832475796341896
seq_0009,5,ACGTTCAGAAGCGCGCGACTGTACCGTCGTTAAGCACCTGACGAACTCGCCATTTAGAGGCGTCTTCTATCATAGTTAGGCTACGGATCCTCCTCTAGGACACACCCGTGTCGTGGAAAATGGTCGACGGGGAGCTGATTCATTCCAACACTCTTGAGGCCGTTTCTATAAACGGTGATGCATGTTATATGGGTCATATCTCTGTTCCTCTGCTGTAATCATGAGTCGGATCACTGGTTGAGAGGACTCAATATGAGAAGTATCCGTTGGTAACTTTCAATTGTTCAGGTCTCTGGCTTA,-0.09442447870969772,-0.09442448616027832,-0.09442448616027832,0.05832475796341896
seq_0009,6,ACGTTCAGAAGCGCGCGACTGTACCGTCGTTAAGCACCTGACGAACTCGCCATTTAGAGGCGTCTTCTATCATAGTTAGGCTACGGATCCTCCTCTAGGACACACCCGTGTCGTGGAAAATGGTCGACGGGGAGCTGATTCATTCCAACACTCTTGAGGCCGTTTCTATAAACGGTGATGCATGTTATATGGGTCATATCTCTGTTCCTCTGCTGTAATCATGAGTCGGATCACTGGTTGAGAGGACTCAATATGAGAAGTATCCGTTGGTAACTTTCAATTGTTCAGGTCTCTGGCTTA,-0.09442447870969772,-0.09442448616027832,-0.09442448616027832,0.05832475796341896
seq_0009,7,ACGTTCAGAAGCGCGCGACTGTACCGTCGTTAAGCACCTGACGAACTCGCCATTTAGAGGCGTCTTCTATCATAGTTAGGCTACGGATCCTCCTCTAGGACACACCCGTGTCGTGGAAAATGGTCGACGGGGAGCTGATTCATTCCAACACTCTTGAGGCCGTTTCTATAAACGGTGATGCATGTTATATGGGTCATATCTCTGTTCCTCTGCTGTAATCATGAGTCGGATCACTGGTTGAGAGGACTCAATATGAGAAGTATCCGTTGGTAACTTTCAATTGTTCAGGTCTCTGGCTTA,-0.09442447870969772,-0.09442448616027832,-0.09442448616027832,0.05832475796341896
seq_0009,8,ACGTTCAGAAGCGCGCGACTGTACCGTCGTTAAGCACCTGACGAACTCGCCATTTAGAGGCGTCTTCTATCATAGTTAGGCTACGGATCCTCCTCTAGGACACACCCGTGTCGTGGAAAATGGTCGACGGGGAGCTGATTCATTCCAACACTCTTGAGGCCGTTTCTATAAACGGTGATGCATGTTATATGGGTCATATCTCTGTTCCTCTGCTGTAATCATGAGTCGGATCACTGGTTGAGAGGACTCAATATGAGAAGTATCCGTTGGTAACTTTCAATTGTTCAGGTCTCTGGCTTA,-0.09442447870969772,-0.09442448616027832,-0.09442448616027832,0.05832475796341896
seq_0009,9,ACGTTCAGAAGCGCGCGACTGTACCGTCGTTAAGCACCTGACGAACTCGCCATTTAGAGGCGTCTTCTATCATAGTTAGGCTACGGATCCTCCTCTAGGACACACCCGTGTCGTGGAAAATGGTCGACGGGGAGCTGATTCATTCCAACACTCTTGAGGCCGTTTCTATAAACGGTGATGCATGTTATATGGGTCATATCTCTGTTCCTCTGCTGTAATCATGAGTCGGATCACTGGTTGAGAGGACTCAATATGAGAAGTATCCGTTGGTAACTTTCAATTGTTCAGGTCTCTGGCTTA,-0.09442447870969772,-0.09442448616027832,-0.09442448616027832,0.05832475796341896
seq_0009,10,ACGTTCAGAAGCGCGCGACTGTACCGTCGTTAAGCACCTGACGAACTCGCCATTTAGAGGCGTCTTCTATCATAGTTAGGCTACGGATCCTCCTCTAGGACACACCCGTGTCGTGGAAAATGGTCGACGGGGAGCTGATTCATTCCAACACTCTTGAGGCCGTTTCTATAAACGGTGATGCATGTTATATGGGTCATATCTCTGTTCCTCTGCTGTAATCATGAGTCGGATCACTGGTTGAGAGGACTCAATATGAGAAGTATCCGTTGGTAACTTTCAATTGTTCAGGTCTCTGGCTTA,-0.09442447870969772,-0.09442448616027832,-0.09442448616027832,0.05832475796341896
seq_0009,11,ACGTTCAGAAGCGCGCGACTGTACCGTCGTTAAGCACCTGACGAACTCGCCATTTAGAGGCGTCTTCTATCATAGTTAGGCTACGGATCCTCCTCTAGGACACACCCGTGTCGTGGAAAATGGTCGACGGGGAGCTGATTCATTCCAACACTCTTGAGGCCGTTTCTATAAACGGTGATGCATGTTATATGGGTCATATCTCTGTTCCTCTGCTGTAATCATGAGTCGGATCACTGGTTGAGAGGACTCAATATGAGAAGTATCCGTTGGTAACTTTCAATTGTTCAGGTCTCTGGCTTA,-0.09442447870969772,-0.09442448616027832,-0.09442448616027832,0.05832475796341896
seq_0010,0,ACGTTCAGAAGCGCGCGACTGTACCGTCGTTAAGCACCTGACGTACTCGCCATTTAGAGGCGTCTTCTATCATAGTTAGGCTACGGATCCTCCTCTAGGACACACCCGTGTCGTGGAAAATGGTCGACGGGGAGCTGATTCATTCCAACACTCTTGAGGCCGTTTCTATAAACAGTGACGCATGTTATATGGGTCATATCTCTGTTCCTCTGCTGTAATCATGAGTCGGATCACTGGTTGAGAGGACTCAATATGAGAAGCATCCGTTGGTAACTTTCAATTGTTCAGGTCTCTGGCTTA,-0.40334561467170715,-0.40334552526474,-0.40334552526474,0.052241113036870956
seq_0010,1,ACGTTCAGAAGCGCGCGACTGTACCGTCGTTAAGCACCTGACGTACTCGCCATTTAGAGGCGTCTTCTATCATAGTTAGGCTACGGATCCTCCTCTAGGACACACCCGTGTCGTGGAAAATGGTCGACGGGGAGCTGATTCATTCCAACACTCTTGAGGCCGTTTCTATAAACAGTGACGCATGTTATATGGGTCATATCTCTGTTCCTCTGCTGTAATCATGAGTCGGATCACTGGTTGAGAGGACTCAATATGAGAAGCATCCGTTGGTAACTTTCAATTGTTCAGGTCTCTGGCTTA,-0.40334561467170715,-0.40334552526474,-0.40334552526474,0.05224110186100006
seq_0010,2,ACGTTCAGAAGCGCGCGACTGTACCGTCGTTAAGCACCTGACGTACTCGCCATTTAGAGGCGTCTTCTATCATAGTTAGGCTACGGATCCTCCTCTAGGACACACCCGTGTCGTGGAAAATGGTCGACGGGGAGCTGATTCATTCCAACACTCTTGAGGCCGTTTCTATAAACAGTGACGCATGTTATATGGGTCATATCTCTGTTCCTCTGCTGTAATCATGAGTCGGATCACTGGTTGAGAGGACTCAATATGAGAAGCATCCGTTGGTAACTTTCAATTGTTCAGGTCTCTGGCTTA,-0.40334561467170715,-0.40334552526474,-0.40334552526474,0.05224110558629036
seq_0010,3,ACGTTCAGAAGCGCGCGACTGTACCGTCGTTAAGCACCTGACGTACTCGCCATTTAGAGGCGTCTTCTATCATAGTTAGGCTACGGATCCTCCTCTAGGACACACCCGTGTCGTGGAAAATGGTCGACGGGGAGCTGATTCATTCCAACACTCTTGAGGCCGTTTCTATAAACAGTGACGCATGTTATATGGGTCATATCTCTGTTCCTCTGCTGTAATCATGAGTCGGATCACTGGTTGAGAGGACTCAATATGAGAAGCATCCGTTGGTAACTTTCAATTGTTCAGGTCTCTGGCTTA,-0.40334561467170715,-0.40334552526474,-0.40334552526474,0.05224112793803215
seq_0010,4,ACGTTCAGAAGCGCGCGACTGTACCGTCGTTAAGCACCTGACGTACTCGCCATTTAGAGGCGTCTTCTATCATAGTTAGGCTACGGATCCTCCTCTAGGACACACCCGTGTCGTGGAAAATGGTCGACGGGGAGCTGATTCATTCCAACACTCTTGAGGCCGTTTCTATAAACAGTGACGCATGTTATATGGGTCATATCTCTGTTCCTCTGCTGTAATCATGAGTCGGATCACTGGTTGAGAGGACTCAATATGAGAAGCATCCGTTGGTAACTTTCAATTGTTCAGGTCTCTGGCTTA,-0.40334561467170715,-0.40334552526474,-0.40334552526474,0.05224110186100006
seq_0010,5,ACGTTCAGAAGCGCGCGACTGTACCGTCGTTAAGCACCTGACGTACTCGCCATTTAGAGGCGTCTTCTATCATAGTTAGGCTACGGATCCTCCTCTAGGACACACCCGTGTCGTGGAAAATGGTCGACGGGGAGCTGATTCATTCCAACACTCTTGAGGCCGTTTCTATAAACAGTGACGCATGTTATATGGGTCATATCTCTGTTCCTCTGCTGTAATCATGAGTCGGATCACTGGTTGAGAGGACTCAATATGAGAAGCATCCGTTGGTAACTTTCAATTGTTCAGGTCTCTGGCTTA,-0.40334561467170715,-0.40334552526474,-0.40334552526474,0.05224110558629036
seq_0010,6,ACGTTCAGAAGCGCGCGACTGTACCGTCGTTAAGCACCTGACGTACTCGCCATTTAGAGGCGTCTTCTATCATAGTTAGGCTACGGATCCTCCTCTAGGACACACCCGTGTCGTGGAAAATGGTCGACGGGGAGCTGATTCATTCCAACACTCTTGAGGCCGTTTCTATAAACAGTGACGCATGTTATATGGGTCATATCTCTGTTCCTCTGCTGTAATCATGAGTCGGATCACTGGTTGAGAGGACTCAATATGAGAAGCATCCGTTGGTAACTTTCAATTGTTCAGGTCTCTGGCTTA,-0.40334561467170715,-0.40334552526474,-0.40334552526474,0.05224110931158066
seq_0010,7,ACGTTCAGAAGCGCGCGACTGTACCGTCGTTAAGCACCTGACGTACTCGCCATTTAGAGGCGTCTTCTATCATAGTTAGGCTACGGATCCTCCTCTAGGACACACCCGTGTCGTGGAAAATGGTCGACGGGGAGCTGATTCATTCCAACACTCTTGAGGCCGTTTCTATAAACAGTGACGCATGTTATATGGGTCATATCTCTGTTCCTCTGCTGTAATCATGAGTCGGATCACTGGTTGAGAGGACTCAATATGAGAAGCATCCGTTGGTAACTTTCAATTGTTCAGGTCTCTGGCTTA,-0.40334561467170715,-0.40334552526474,-0.40334552526474,0.05224110186100006
seq_0010,8,ACGTTCAGAAGCGCGCGACTGTACCGTCGTTAAGCACCTGACGTACTCGCCATTTAGAGGCGTCTTCTATCATAGTTAGGCTACGGATCCTCCTCTAGGACACACCCGTGTCGTGGAAAATGGTCGACGGGGAGCTGATTCATTCCAACACTCTTGAGGCCGTTTCTATAAACAGTGACGCATGTTATATGGGTCATATCTCTGTTCCTCTGCTGTAATCATGAGTCGGATCACTGGTTGAGAGGACTCAATATGAGAAGCATCCGTTGGTAACTTTCAATTGTTCAGGTCTCTGGCTTA,-0.40334561467170715,-0.40334552526474,-0.40334552526474,0.052241455763578415
seq_0010,9,ACGTTCAGAAGCGCGCGACTGTACCGTCGTTAAGCACCTGACGTACTCGCCATTTAGAGGCGTCTTCTATCATAGTTAGGCTACGGATCCTCCTCTAGGACACACCCGTGTCGTGGAAAATGGTCGACGGGGAGCTGATTCATTCCAACACTCTTGAGGCCGTTTCTATAAACAGTGACGCATGTTATATGGGTCATATCTCTGTTCCTCTGCTGTAATCATGAGTCGGATCACTGGTTGAGAGGACTCAATATGAGAAGCATCCGTTGGTAACTTTCAATTGTTCAGGTCTCTGGCTTA,-0.40334561467170715,-0.40334552526474,-0.40334552526474,0.05224110558629036
seq_0010,10,ACGTTCAGAAGCGCGCGACTGTACCGTCGTTAAGCACCTGACGTACTCGCCATTTAGAGGCGTCTTCTATCATAGTTAGGCTACGGATCCTCCTCTAGGACACACCCGTGTCGTGGAAAATGGTCGACGGGGAGCTGATTCATTCCAACACTCTTGAGGCCGTTTCTATAAACAGTGACGCATGTTATATGGGTCATATCTCTGTTCCTCTGCTGTAATCATGAGTCGGATCACTGGTTGAGAGGACTCAATATGAGAAGCATCCGTTGGTAACTTTCAATTGTTCAGGTCTCTGGCTTA,-0.40334561467170715,-0.40334552526474,-0.40334552526474,0.05224108695983887
seq_0010,11,ACGTTCAGAAGCGCGCGACTGTACCGTCGTTAAGCACCTGACGTACTCGCCATTTAGAGGCGTCTTCTATCATAGTTAGGCTACGGATCCTCCTCTAGGACACACCCGTGTCGTGGAAAATGGTCGACGGGGAGCTGATTCATTCCAACACTCTTGAGGCCGTTTCTATAAACAGTGACGCATGTTATATGGGTCATATCTCTGTTCCTCTGCTGTAATCATGAGTCGGATCACTGGTTGAGAGGACTCAATATGAGAAGCATCCGTTGGTAACTTTCAATTGTTCAGGTCTCTGGCTTA,-0.40334561467170715,-0.40334552526474,-0.40334552526474,0.05224110558629036
seq_0011,0,ACGTTCAGAAGCGCGCGACTGTACCGTCGTTAAGGACCTGACGTACTCGCCATTTAGAGGCGTCTTCTATCATAGTTAGGCTACGGATCCTCCTCTAGGACACACCCGTGTCGTGGAAAATGGTCGACGGGGAGCTGATTCATTCCAACACTCTTGAGGCCGTTTCTATAAACGGTGACGCATGTTATATGGGTCATATCTCTGTTCCTCTGCTGTAATCATGAGTCGGATCACTGGTTGAGAGGACTCAATATGAGAAGCATCCGTTGGTAACTTTCAATTGTTCAGGTCTCTGGCTTA,-0.41210514307022095,-0.4121052026748657,-0.4121052026748657,0.05116799473762512
seq_0011,1,ACGTTCAGAAGCGCGCGACTGTACCGTCGTTAAGGACCTGACGTACTCGCCATTTAGAGGCGTCTTCTATCATAGTTAGGCTACGGATCCTCCTCTAGGACACACCCGTGTCGTGGAAAATGGTCGACGGGGAGCTGATTCATTCCAACACTCTTGAGGCCGTTTCTATAAACGGTGACGCATGTTATATGGGTCATATCTCTGTTCCTCTGCTGTAATCATGAGTCGGATCACTGGTTGAGAGGACTCAATATGAGAAGCATCCGTTGGTAACTTTCAATTGTTCAGGTCTCTGGCTTA,-0.4124537706375122,-0.412453830242157,-0.412453830242157,0.05112612619996071
seq_0011,2,ACGTTCAGAAGCGCGCGACTGTACCGTCGTTAAGGACCTGACGTACTCGCCATTTAGAGGCGTCTTCTATCATAGTTAGGCTACGGATCCTCCTCTAGGACACACCCGTGTCGTGGAAAATGGTCGACGGGGAGCTGATTCATTCCAACACTCTTGAGGCCGTTTCTATAAACGGTGACGCATGTTATATGGGTCATATCTCTGTTCCTCTGCTGTAATCATGAGTCGGATCACTGGTTGAGAGGACTCAATATGAGAAGCATCCGTTGGTAACTTTCAATTGTTCAGGTCTCTGGCTTA,-0.4124537706375122,-0.412453830242157,-0.412453830242157,0.051126040518283844
seq_0011,3,ACGTTCAGAAGCGCGCGACTGTACCGTCGTTAAGGACCTGACGTACTCGCCATTTAGAGGCGTCTTCTATCATAGTTAGGCTACGGATCCTCCTCTAGGACACACCCGTGTCGTGGAAAATGGTCGACGGGGAGCTGATTCATTCCAACACTCTTGAGGCCGTTTCTATAAACGGTGACGCATGTTATATGGGTCATATCTCTGTTCCTCTGCTGTAATCATGAGTCGGATCACTGGTTGAGAGGACTCAATATGAGAAGCATCCGTTGGTAACTTTCAATTGTTCAGGTCTCTGGCTTA,-0.4124537706375122,-0.412453830242157,-0.412453830242157,0.051126305013895035
seq_0011,4,ACGTTCAGAAGCGCGCGACTGTACCGTCGTTAAGGACCTGACGTACTCGCCATTTAGAGGCGTCTTCTATCATAGTTAGGCTACGGATCCTCCTCTAGGACACACCCGTGTCGTGGAAAATGGTCGACGGGGAGCTGATTCATTCCAACACTCTTGAGGCCGTTTCTATAAACGGTGACGCATGTTATATGGGTCATATCTCTGTTCCTCTGCTGTAATCATGAGTCGGATCACTGGTTGAGAGGACTCAATATGAGAAGCATCCGTTGGTAACTTTCAATTGTTCAGGTCTCTGGCTTA,-0.4124537706375122,-0.412453830242157,-0.412453830242157,0.051125895231962204
seq_0011,5,ACGTTCAGAAGCGCGCGACTGTACCGTCGTTAAGGACCTGACGTACTCGCCATTTAGAGGCGTCTTCTATCATAGTTAGGCTACGGATCCTCCTCTAGGACACACCCGTGTCGTGGAAAATGGTCGACGGGGAGCTGATTCATTCCAACACTCTTGAGGCCGTTTCTATAAACGGTGACGCATGTTATATGGGTCATATCTCTGTTCCTCTGCTGTAATCATGAGTCGGATCACTGGTTGAGAGGACTCAATATGAGAAGCATCCGTTGGTAACTTTCAATTGTTCAGGTCTCTGGCTTA,-0.4124537706375122,-0.412453830242157,-0.412453830242157,0.051126014441251755
seq_0011,6,ACGTTCAGAAGCGCGCGACTGTACCGTCGTTAAGGACCTGACGTACTCGCCATTTAGAGGCGTCTTCTATCATAGTTAGGCTACGGATCCTCCTCTAGGACACACCCGTGTCGTGGAAAATGGTCGACGGGGAGCTGATTCATTCCAACACTCTTGAGGCCGTTTCTATAAACGGTGACGCATGTTATATGGGTCATATCTCTGTTCCTCTGCTGTAATCATGAGTCGGATCACTGGTTGAGAGGACTCAATATGAGAAGCATCCGTTGGTAACTTTCAATTGTTCAGGTCTCTGGCTTA,-0.4124537706375122,-0.412453830242157,-0.412453830242157,0.05112602934241295
seq_0011,7,ACGTTCAGAAGCGCGCGACTGTACCGTCGTTAAGGACCTGACGTACTCGCCATTTAGAGGCGTCTTCTATCATAGTTAGGCTACGGATCCTCCTCTAGGACACACCCGTGTCGTGGAAAATGGTCGACGGGGAGCTGATTCATTCCAACACTCTTGAGGCCGTTTCTATAAACGGTGACGCATGTTATATGGGTCATATCTCTGTTCCTCTGCTGTAATCATGAGTCGGATCACTGGTTGAGAGGACTCAATATGAGAAGCATCCGTTGGTAACTTTCAATTGTTCAGGTCTCTGGCTTA,-0.4124537706375122,-0.412453830242157,-0.412453830242157,0.05112580582499504
seq_0011,8,ACGTTCAGAAGCGCGCGACTGTACCGTCGTTAAGGACCTGACGTACTCGCCATTTAGAGGCGTCTTCTATCATAGTTAGGCTACGGATCCTCCTCTAGGACACACCCGTGTCGTGGAAAATGGTCGACGGGGAGCTGATTCATTCCAACACTCTTGAGGCCGTTTCTATAAACGGTGACGCATGTTATATGGGTCATATCTCTGTTCCTCTGCTGTAATCATGAGTCGGATCACTGGTTGAGAGGACTCAATATGAGAAGCATCCGTTGGTAACTTTCAATTGTTCAGGTCTCTGGCTTA,-0.4124537706375122,-0.412453830242157,-0.412453830242157,0.051126036792993546
seq_0011,9,ACGTTCAGAAGCGCGCGACTGTACCGTCGTTAAGGACCTGACGTACTCGCCATTTAGAGGCGTCTTCTATCATAGTTAGGCTACGGATCCTCCTCTAGGACACACCCGTGTCGTGGAAAATGGTCGACGGGGAGCTGATTCATTCCAACACTCTTGAGGCCGTTTCTATAAACGGTGACGCATGTTATATGGGTCATATCTCTGTTCCTCTGCTGTAATCATGAGTCGGATCACTGGTTGAGAGGACTCAATATGAGAAGCATCCGTTGGTAACTTTCAATTGTTCAGGTCTCTGGCTTA,-0.4124537706375122,-0.412453830242157,-0.412453830242157,0.051126036792993546
seq_0011,10,ACGTTCAGAAGCGCGCGACTGTACCGTCGTTAAGGACCTGACGTACTCGCCATTTAGAGGCGTCTTCTATCATAGTTAGGCTACGGATCCTCCTCTAGGACACACCCGTGTCGTGGAAAATGGTCGACGGGGAGCTGATTCATTCCAACACTCTTGAGGCCGTTTCTATAAACGGTGACGCATGTTATATGGGTCATATCTCTGTTCCTCTGCTGTAATCATGAGTCGGATCACTGGTTGAGAGGACTCAATATGAGAAGCATCCGTTGGTAACTTTCAATTGTTCAGGTCTCTGGCTTA,-0.4124537706375122,-0.412453830242157,-0.412453830242157,0.05112634599208832
seq_0011,11,ACGTTCAGAAGCGCGCGACTGTACCGTCGTTAAGGACCTGACGTACTCGCCATTTAGAGGCGTCTTCTATCATAGTTAGGCTACGGATCCTCCTCTAGGACACACCCGTGTCGTGGAAAATGGTCGACGGGGAGCTGATTCATTCCAACACTCTTGAGGCCGTTTCTATAAACGGTGACGCATGTTATATGGGTCATATCTCTGTTCCTCTGCTGTAATCATGAGTCGGATCACTGGTTGAGAGGACTCAATATGAGAAGCATCCGTTGGTAACTTTCAATTGTTCAGGTCTCTGGCTTA,-0.4124537706375122,-0.412453830242157,-0.412453830242157,0.051126036792993546
seq_0012,0,ACGTTCAGAAGCGCGCGACTGTACCGTCGTTAAGCACCTGACGTACTCGCCATTTAGAGGCGTCTTCTATCATAGTTAGGCTACGGATCCTCCTCTAGGACACACCCGTGTCGTGGAAAATGGTCGACGGGGAGCTGATTCATTCCAACACTCTTGAGGCCGTTTCTATAAACGGTGACGCATGTTATATGGGTCATATCTCTGTTCCTCTGCTGTAATCATGAGTCGGATCACTGGTTGAGAGGACTCAATATGAGAAGCATCCGATGGTAACTTTCAATTGTTCAGGTCTCTGGCTTA,-0.47385284304618835,-0.47385281324386597,-0.47385281324386597,0.05220409110188484
seq_0012,1,ACGTTCAGAAGCGCGCGACTGTACCGTCGTTAAGCACCTGACGTACTCGCCATTTAGAGGCGTCTTCTATCATAGTTAGGCTACGGATCCTCCTCTAGGACACACCCGTGTCGTGGAAAATGGTCGACGGGGAGCTGATTCATTCCAACACTCTTGAGGCCGTTTCTATAAACGGTGACGCATGTTATATGGGTCATATCTCTGTTCCTCTGCTGTAATCATGAGTCGGATCACTGGTTGAGAGGACTCAATATGAGAAGCATCCGATGGTAACTTTCAATTGTTCAGGTCTCTGGCTTA,-0.47385284304618835,-0.47385281324386597,-0.47385281324386597,0.0522041842341423
seq_0012,2,ACGTTCAGAAGCGCGCGACTGTACCGTCGTTAAGCACCTGACGTACTCGCCATTTAGAGGCGTCTTCTATCATAGTTAGGCTACGGATCCTCCTCTAGGACACACCCGTGTCGTGGAAAATGGTCGACGGGGAGCTGATTCATTCCAACACTCTTGAGGCCGTTTCTATAAACGGTGACGCATGTTATATGGGTCATATCTCTGTTCCTCTGCTGTAATCATGAGTCGGATCACTGGTTGAGAGGACTCAATATGAGAAGCATCCGATGGTAACTTTCAATTGTTCAGGTCTCTGGCTTA,-0.47385284304618835,-0.47385281324386597,-0.47385281324386597,0.05220425873994827
seq_0012,3,ACGTTCAGAAGCGCGCGACTGTACCGTCGTTAAGCACCTGACGTACTCGCCATTTAGAGGCGTCTTCTATCATAGTTAGGCTACGGATCCTCCTCTAGGACACACCCGTGTCGTGGAAAATGGTCGACGGGGAGCTGATTCATTCCAACACTCTTGAGGCCGTTTCTATAAACGGTGACGCATGTTATATGGGTCATATCTCTGTTCCTCTGCTGTAATCATGAGTCGGATCACTGGTTGAGAGGACTCAATATGAGAAGCATCCGATGGTAACTTTCAATTGTTCAGGTCTCTGGCTTA,-0.47385284304618835,-0.47385281324386597,-0.47385281324386597,0.05220403894782066
seq_0012,4,ACGTTCAGAAGCGCGCGACTGTACCGTCGTTAAGCACCTGACGTACTCGCCATTTAGAGGCGTCTTCTATCATAGTTAGGCTACGGATCCTCCTCTAGGACACACCCGTGTCGTGGAAAATGGTCGACGGGGAGCTGATTCATTCCAACACTCTTGAGGCCGTTTCTATAAACGGTGACGCATGTTATATGGGTCATATCTCTGTTCCTCTGCTGTAATCATGAGTCGGATCACTGGTTGAGAGGACTCAATATGAGAAGCATCCGATGGTAACTTTCAATTGTTCAGGTCTCTGGCTTA,-0.47385284304618835,-0.47385281324386597,-0.47385281324386597,0.0522041842341423
seq_0012,5,ACGTTCAGAAGCGCGCGACTGTACCGTCGTTAAGCACCTGACGTACTCGCCATTTAGAGGCGTCTTCTATCATAGTTAGGCTACGGATCCTCCTCTAGGACACACCCGTGTCGTGGAAAATGGTCGACGGGGAGCTGATTCATTCCAACACTCTTGAGGCCGTTTCTATAAACGGTGACGCATGTTATATGGGTCATATCTCTGTTCCTCTGCTGTAATCATGAGTCGGATCACTGGTTGAGAGGACTCAATATGAGAAGCATCCGATGGTAACTTTCAATTGTTCAGGTCTCTGGCTTA,-0.47385284304618835,-0.47385281324386597,-0.47385281324386597,0.05220421031117439
seq_0012,6,ACGTTCAGAAGCGCGCGACTGTACCGTCGTTAAGCACCTGACGTACTCGCCATTTAGAGGCGTCTTCTATCATAGTTAGGCTACGGATCCTCCTCTAGGACACACCCGTGTCGTGGAAAATGGTCGACGGGGAGCTGATTCATTCCAACACTCTTGAGGCCGTTTCTATAAACGGTGACGCATGTTATATGGGTCATATCTCTGTTCCTCTGCTGTAATCATGAGTCGGATCACTGGTTGAGAGGACTCAATATGAGAAGCATCCGATGGTAACTTTCAATTGTTCAGGTCTCTGGCTTA,-0.47385284304618835,-0.47385281324386597,-0.47385281324386597,0.052204232662916183
seq_0012,7,ACGTTCAGAAGCGCGCGACTGTACCGTCGTTAAGCACCTGACGTACTCGCCATTTAGAGGCGTCTTCTATCATAGTTAGGCTACGGATCCTCCTCTAGGACACACCCGTGTCGTGGAAAATGGTCGACGGGGAGCTGATTCATTCCAACACTCTTGAGGCCGTTTCTATAAACGGTGACGCATGTTATATGGGTCATATCTCTGTTCCTCTGCTGTAATCATGAGTCGGATCACTGGTTGAGAGGACTCAATATGAGAAGCATCCGATGGTAACTTTCAATTGTTCAGGTCTCTGGCTTA,-0.47385284304618835,-0.47385281324386597,-0.47385281324386597,0.05220428481698036
seq_0012,8,ACGTTCAGAAGCGCGCGACTGTACCGTCGTTAAGCACCTGACGTACTCGCCATTTAGAGGCGTCTTCTATCATAGTTAGGCTACGGATCCTCCTCTAGGACACACCCGTGTCGTGGAAAATGGTCGACGGGGAGCTGATTCATTCCAACACTCTTGAGGCCGTTTCTATAAACGGTGACGCATGTTATATGGGTCATATCTCTGTTCCTCTGCTGTAATCATGAGTCGGATCACTGGTTGAGAGGACTCAATATGAGAAGCATCCGATGGTAACTTTCAATTGTTCAGGTCTCTGGCTTA,-0.47385284304618835,-0.47385281324386597,-0.47385281324386597,0.05220421403646469
seq_0012,9,ACGTTCAGAAGCGCGCGACTGTACCGTCGTTAAGCACCTGACGTACTCGCCATTTAGAGGCGTCTTCTATCATAGTTAGGCTACGGATCCTCCTCTAGGACACACCCGTGTCGTGGAAAATGGTCGACGGGGAGCTGATTCATTCCAACACTCTTGAGGCCGTTTCTATAAACGGTGACGCATGTTATATGGGTCATATCTCTGTTCCTCTGCTGTAATCATGAGTCGGATCACTGGTTGAGAGGACTCAATATGAGAAGCATCCGATGGTAACTTTCAATTGTTCAGGTCTCTGGCTTA,-0.47385284304618835,-0.47385281324386597,-0.47385281324386597,0.0522041954100132
seq_0012,10,ACGTTCAGAAGCGCGCGACTGTACCGTCGTTAAGCACCTGACGTACTCGCCATTTAGAGGCGTCTTCTATCATAGTTAGGCTACGGATCCTCCTCTAGGACACACCCGTGTCGTGGAAAATGGTCGACGGGGAGCTGATTCATTCCAACACTCTTGAGGCCGTTTCTATAAACGGTGACGCATGTTATATGGGTCATATCTCTGTTCCTCTGCTGTAATCATGAGTCGGATCACTGGTTGAGAGGACTCAATATGAGAAGCATCCGATGGTAACTTTCAATTGTTCAGGTCTCTGGCTTA,-0.47385284304618835,-0.47385281324386597,-0.47385281324386597,0.052202530205249786
seq_0012,11,ACGTTCAGAAGCGCGCGACTGTACCGTCGTTAAGCACCTGACGTACTCGCCATTTAGAGGCGTCTTCTATCATAGTTAGGCTACGGATCCTCCTCTAGGACACACCCGTGTCGTGGAAAATGGTCGACGGGGAGCTGATTCATTCCAACACTCTTGAGGCCGTTTCTATAAACGGTGACGCATGTTATATGGGTCATATCTCTGTTCCTCTGCTGTAATCATGAGTCGGATCACTGGTTGAGAGGACTCAATATGAGAAGCATCCGATGGTAACTTTCAATTGTTCAGGTCTCTGGCTTA,-0.47385284304618835,-0.47385281324386597,-0.47385281324386597,0.05220421031117439
seq_0013,0,ACGTTCAGAAGCGCGCGACTGTACCGTCGTTAAGCACCTGACGTACTCGCCATTTAGAGGCGTCTTCTATCATAATTAGGCTACGGATCCTCCTCTAGGACACACCCGTGTCGTGGAAAATGGTCGACGGGGAGCTGATTCATTCCAACACTCTTGAGGCCGTTTCTATAAACGGTGACGCATGTTATATGGGTCATATCTCTGTTCCTCTGCTGTAATCATGAGTCGGATCACTGGTTGAGAGGACTCAATATGAGAAGCATCCGTTGGTAACTTTCAATTGTTCAGGTCTCTGGCTTA,-0.4575386047363281,-0.4575386047363281,-0.4575386047363281,0.053174376487731934
seq_0013,1,ACGTTCAGAAGCGCGCGACTGTACCGTCGTTAAGCACCTGACGTACTCGCCATTTAGAGGCGTCTTCTATCATAATTAGGCTACGGATCCTCCTCTAGGACACACCCGTGTCGTGGAAAATGGTCGACGGGGAGCTGATTCATTCCAACACTCTTGAGGCCGTTTCTATAAACGGTGACGCATGTTATATGGGTCATATCTCTGTTCCTCTGCTGTAATCATGAGTCGGATCACTGGTTGAGAGGACTCAATATGAGAAGCATCCGTTGGTAACTTTCAATTGTTCAGGTCTCTGGCTTA,-0.4584955871105194,-0.45849549770355225,-0.45849549770355225,0.05277881771326065
seq_0013,2,ACGTTCAGAAGCGCGCGACTGTACCGTCGTTAAGCACCTGACGTACTCGCCATTTAGAGGCGTCTTCTATCATAATTAGGCTACGGATCCTCCTCTAGGACACACCCGTGTCGTGGAAAATGGTCGACGGGGAGCTGATTCATTCCAACACTCTTGAGGCCGTTTCTATAAACGGTGACGCATGTTATATGGGTCATATCTCTGTTCCTCTGCTGTAATCATGAGTCGGATCACTGGTTGAGAGGACTCAATATGAGAAGCATCCGTTGGTAACTTTCAATTGTTCAGGTCTCTGGCTTA,-0.4584955871105194,-0.45849549770355225,-0.45849549770355225,0.05278028920292854
seq_0013,3,ACGTTCAGAAGCGCGCGACTGTACCGTCGTTAAGCACCTGACGTACTCGCCATTTAGAGGCGTCTTCTATCATAATTAGGCTACGGATCCTCCTCTAGGACACACCCGTGTCGTGGAAAATGGTCGACGGGGAGCTGATTCATTCCAACACTCTTGAGGCCGTTTCTATAAACGGTGACGCATGTTATATGGGTCATATCTCTGTTCCTCTGCTGTAATCATGAGTCGGATCACTGGTTGAGAGGACTCAATATGAGAAGCATCCGTTGGTAACTTTCAATTGTTCAGGTCTCTGGCTTA,-0.4584955871105194,-0.45849549770355225,-0.45849549770355225,0.05277900770306587
seq_0013,4,ACGTTCAGAAGCGCGCGACTGTACCGTCGTTAAGCACCTGACGTACTCGCCATTTAGAGGCGTCTTCTATCATAATTAGGCTACGGATCCTCCTCTAGGACACACCCGTGTCGTGGAAAATGGTCGACGGGGAGCTGATTCATTCCAACACTCTTGAGGCCGTTTCTATAAACGGTGACGCATGTTATATGGGTCATATCTCTGTTCCTCTGCTGTAATCATGAGTCGGATCACTGGTTGAGAGGACTCAATATGAGAAGCATCCGTTGGTAACTTTCAATTGTTCAGGTCTCTGGCTTA,-0.4584955871105194,-0.45849549770355225,-0.45849549770355225,0.05277882516384125
seq_0013,5,ACGTTCAGAAGCGCGCGACTGTACCGTCGTTAAGCACCTGACGTACTCGCCATTTAGAGGCGTCTTCTATCATAATTAGGCTACGGATCCTCCTCTAGGACACACCCGTGTCGTGGAAAATGGTCGACGGGGAGCTGATTCATTCCAACACTCTTGAGGCCGTTTCTATAAACGGTGACGCATGTTATATGGGTCATATCTCTGTTCCTCTGCTGTAATCATGAGTCGGATCACTGGTTGAGAGGACTCAATATGAGAAGCATCCGTTGGTAACTTTCAATTGTTCAGGTCTCTGGCTTA,-0.4584955871105194,-0.45849549770355225,-0.45849549770355225,0.05277834087610245
seq_0013,6,ACGTTCAGAAGCGCGCGACTGTACCGTCGTTAAGCACCTGACGTACTCGCCATTTAGAGGCGTCTTCTATCATAATTAGGCTACGGATCCTCCTCTAGGACACACCCGTGTCGTGGAAAATGGTCGACGGGGAGCTGATTCATTCCAACACTCTTGAGGCCGTTTCTATAAACGGTGACGCATGTTATATGGGTCATATCTCTGTTCCTCTGCTGTAATCATGAGTCGGATCACTGGTTGAGAGGACTCAATATGAGAAGCATCCGTTGGTAACTTTCAATTGTTCAGGTCTCTGGCTTA,-0.4584955871105194,-0.45849549770355225,-0.45849549770355225,0.05277879536151886
seq_0013,7,ACGTTCAGAAGCGCGCGACTGTACCGTCGTTAAGCACCTGACGTACTCGCCATTTAGAGGCGTCTTCTATCATAATTAGGCTACGGATCCTCCTCTAGGACACACCCGTGTCGTGGAAAATGGTCGACGGGGAGCTGATTCATTCCAACACTCTTGAGGCCGTTTCTATAAACGGTGACGCATGTTATATGGGTCATATCTCTGTTCCTCTGCTGTAATCATGAGTCGGATCACTGGTTGAGAGGACTCAATATGAGAAGCATCCGTTGGTAACTTTCAATTGTTCAGGTCTCTGGCTTA,-0.4584955871105194,-0.45849549770355225,-0.45849549770355225,0.05277881771326065
seq_0013,8,ACGTTCAGAAGCGCGCGACTGTACCGTCGTTAAGCACCTGACGTACTCGCCATTTAGAGGCGTCTTCTATCATAATTAGGCTACGGATCCTCCTCTAGGACACACCCGTGTCGTGGAAAATGGTCGACGGGGAGCTGATTCATTCCAACACTCTTGAGGCCGTTTCTATAAACGGTGACGCATGTTATATGGGTCATATCTCTGTTCCTCTGCTGTAATCATGAGTCGGATCACTGGTTGAGAGGACTCAATATGAGAAGCATCCGTTGGTAACTTTCAATTGTTCAGGTCTCTGGCTTA,-0.4584955871105194,-0.45849549770355225,-0.45849549770355225,0.052778903394937515
seq_0013,9,ACGTTCAGAAGCGCGCGACTGTACCGTCGTTAAGCACCTGACGTACTCGCCATTTAGAGGCGTCTTCTATCATAATTAGGCTACGGATCCTCCTCTAGGACACACCCGTGTCGTGGAAAATGGTCGACGGGGAGCTGATTCATTCCAACACTCTTGAGGCCGTTTCTATAAACGGTGACGCATGTTATATGGGTCATATCTCTGTTCCTCTGCTGTAATCATGAGTCGGATCACTGGTTGAGAGGACTCAATATGAGAAGCATCCGTTGGTAACTTTCAATTGTTCAGGTCTCTGGCTTA,-0.4584955871105194,-0.45849549770355225,-0.45849549770355225,0.05277885124087334
seq_0013,10,ACGTTCAGAAGCGCGCGACTGTACCGTCGTTAAGCACCTGACGTACTCGCCATTTAGAGGCGTCTTCTATCATAATTAGGCTACGGATCCTCCTCTAGGACACACCCGTGTCGTGGAAAATGGTCGACGGGGAGCTGATTCATTCCAACACTCTTGAGGCCGTTTCTATAAACGGTGACGCATGTTATATGGGTCATATCTCTGTTCCTCTGCTGTAATCATGAGTCGGATCACTGGTTGAGAGGACTCAATATGAGAAGCATCCGTTGGTAACTTTCAATTGTTCAGGTCTCTGGCTTA,-0.4584955871105194,-0.45849549770355225,-0.45849549770355225,0.052776820957660675
seq_0013,11,ACGTTCAGAAGCGCGCGACTGTACCGTCGTTAAGCACCTGACGTACTCGCCATTTAGAGGCGTCTTCTATCATAATTAGGCTACGGATCCTCCTCTAGGACACACCCGTGTCGTGGAAAATGGTCGACGGGGAGCTGATTCATTCCAACACTCTTGAGGCCGTTTCTATAAACGGTGACGCATGTTATATGGGTCATATCTCTGTTCCTCTGCTGTAATCATGAGTCGGATCACTGGTTGAGAGGACTCAATATGAGAAGCATCCGTTGGTAACTTTCAATTGTTCAGGTCTCTGGCTTA,-0.4584955871105194,-0.45849549770355225,-0.45849549770355225,0.052778903394937515
seq_0014,0,ACGTTCAGAAGCGCGCGACTGTACCGTCGTTAAGCACCTGACGTACTCGCCATTTAGAGGCGTCTTCTATCATAGTTAGGCTACGGATCCTCCTCTGGGACACACCCGTGTCGTGGAAAATGGTCGACGGGGAGCTGATTCATTCCAACACTCTTGAGGCCGTTTCTATAAACGGTGACGCATGTTATATGGGTCATATCTCTGTGCCTCTGCTGTAATCATGAGTCGGATCACTTGTTGAGAGGACGCATTATGAGAAGCATCCGTTGGTAACTTTCAATTGTTCAGGTCTCTGGCTTA,-0.28542011976242065,-0.28542014956474304,-0.28542014956474304,0.06097118556499481
seq_0014,1,ACGTTCAGAAGCGCGCGACTGTACCGTCGTTAAGCACCTGACGTACTCGCCATTTAGAGGCGTCTTCTATCATAGTTAGGCTACGGATCCTCCTCTGGGACACACCCGTGTCGTGGAAAATGGTCGACGGGGAGCTGATTCATTCCAACACTCTTGAGGCCGTTTCTATAAACGGTGACGCATGTTATATGGGTCATATCTCTGTGCCTCTGCTGTAATCATGAGTCGGATCACTTGTTGAGAGGACGCATTATGAGAAGCATCCGTTGGTAACTTTCAATTGTTCAGGTCTCTGGCTTA,-0.28542011976242065,-0.28542014956474304,-0.28542014956474304,0.060971591621637344
seq_0014,2,ACGTTCAGAAGCGCGCGACTGTACCGTCGTTAAGCACCTGACGTACTCGCCATTTAGAGGCGTCTTCTATCATAGTTAGGCTACGGATCCTCCTCTGGGACACACCCGTGTCGTGGAAAATGGTCGACGGGGAGCTGATTCATTCCAACACTCTTGAGGCCGTTTCTATAAACGGTGACGCATGTTATATGGGTCATATCTCTGTGCCTCTGCTGTAATCATGAGTCGGATCACTTGTTGAGAGGACGCATTATGAGAAGCATCCGTTGGTAACTTTCAATTGTTCAGGTCTCTGGCTTA,-0.28542011976242065,-0.28542014956474304,-0.28542014956474304,0.06097128614783287
seq_0014,3,ACGTTCAGAAGCGCGCGACTGTACCGTCGTTAAGCACCTGACGTACTCGCCATTTAGAGGCGTCTTCTATCATAGTTAGGCTACGGATCCTCCTCTGGGACACACCCGTGTCGTGGAAAATGGTCGACGGGGAGCTGATTCATTCCAACACTCTTGAGGCCGTTTCTATAAACGGTGACGCATGTTATATGGGTCATATCTCTGTGCCTCTGCTGTAATCATGAGTCGGATCACTTGTTGAGAGGACGCATTATGAGAAGCATCCGTTGGTAACTTTCAATTGTTCAGGTCTCTGGCTTA,-0.28542011976242065,-0.28542014956474304,-0.28542014956474304,0.06097128614783287
seq_0014,4,ACGTTCAGAAGCGCGCGACTGTACCGTCGTTAAGCACCTGACGTACTCGCCATTTAGAGGCGTCTTCTATCATAGTTAGGCTACGGATCCTCCTCTGGGACACACCCGTGTCGTGGAAAATGGTCGACGGGGAGCTGATTCATTCCAACACTCTTGAGGCCGTTTCTATAAACGGTGACGCATGTTATATGGGTCATATCTCTGTGCCTCTGCTGTAATCATGAGTCGGATCACTTGTTGAGAGGACGCATTATGAGAAGCATCCGTTGGTAACTTTCAATTGTTCAGGTCTCTGGCTTA,-0.28542011976242065,-0.28542014956474304,-0.28542014956474304,0.0609712228178978
seq_0014,5,ACGTTCAGAAGCGCGCGACTGTACCGTCGTTAAGCACCTGACGTACTCGCCATTTAGAGGCGTCTTCTATCATAGTTAGGCTACGGATCCTCCTCTGGGACACACCCGTGTCGTGGAAAATGGTCGACGGGGAGCTGATTCATTCCAACACTCTTGAGGCCGTTTCTATAAACGGTGACGCATGTTATATGGGTCATATCTCTGTGCCTCTGCTGTAATCATGAGTCGGATCACTTGTTGAGAGGACGCATTATGAGAAGCATCCGTTGGTAACTTTCAATTGTTCAGGTCTCTGGCTTA,-0.28542011976242065,-0.28542014956474304,-0.28542014956474304,0.060947488993406296
seq_0014,6,ACGTTCAGAAGCGCGCGACTGTACCGTCGTTAAGCACCTGACGTACTCGCCATTTAGAGGCGTCTTCTATCATAGTTAGGCTACGGATCCTCCTCTGGGACACACCCGTGTCGTGGAAAATGGTCGACGGGGAGCTGATTCATTCCAACACTCTTGAGGCCGTTTCTATAAACGGTGACGCATGTTATATGGGTCATATCTCTGTGCCTCTGCTGTAATCATGAGTCGGATCACTTGTTGAGAGGACGCATTATGAGAAGCATCCGTTGGTAACTTTCAATTGTTCAGGTCTCTGGCTTA,-0.28542011976242065,-0.28542014956474304,-0.28542014956474304,0.06097099184989929
seq_0014,7,ACGTTCAGAAGCGCGCGACTGTACCGTCGTTAAGCACCTGACGTACTCGCCATTTAGAGGCGTCTTCTATCATAGTTAGGCTACGGATCCTCCTCTGGGACACACCCGTGTCGTGGAAAATGGTCGACGGGGAGCTGATTCATTCCAACACTCTTGAGGCCGTTTCTATAAACGGTGACGCATGTTATATGGGTCATATCTCTGTGCCTCTGCTGTAATCATGAGTCGGATCACTTGTTGAGAGGACGCATTATGAGAAGCATCCGTTGGTAACTTTCAATTGTTCAGGTCTCTGGCTTA,-0.28542011976242065,-0.28542014956474304,-0.28542014956474304,0.060971323400735855
seq_0014,8,ACGTTCAGAAGCGCGCGACTGTACCGTCGTTAAGCACCTGACGTACTCGCCATTTAGAGGCGTCTTCTATCATAGTTAGGCTACGGATCCTCCTCTGGGACACACCCGTGTCGTGGAAAATGGTCGACGGGGAGCTGATTCATTCCAACACTCTTGAGGCCGTTTCTATAAACGGTGACGCATGTTATATGGGTCATATCTCTGTGCCTCTGCTGTAATCATGAGTCGGATCACTTGTTGAGAGGACGCATTATGAGAAGCATCCGTTGGTAACTTTCAATTGTTCAGGTCTCTGGCTTA,-0.28542011976242065,-0.28542014956474304,-0.28542014956474304,0.06097174435853958
seq_0014,9,ACGTTCAGAAGCGCGCGACTGTACCGTCGTTAAGCACCTGACGTACTCGCCATTTAGAGGCGTCTTCTATCATAGTTAGGCTACGGATCCTCCTCTGGGACACACCCGTGTCGTGGAAAATGGTCGACGGGGAGCTGATTCATTCCAACACTCTTGAGGCCGTTTCTATAAACGGTGACGCATGTTATATGGGTCATATCTCTGTGCCTCTGCTGTAATCATGAGTCGGATCACTTGTTGAGAGGACGCATTATGAGAAGCATCCGTTGGTAACTTTCAATTGTTCAGGTCTCTGGCTTA,-0.28542011976242065,-0.28542014956474304,-0.28542014956474304,0.06097043305635452
seq_0014,10,ACGTTCAGAAGCGCGCGACTGTACCGTCGTTAAGCACCTGACGTACTCGCCATTTAGAGGCGTCTTCTATCATAGTTAGGCTACGGATCCTCCTCTGGGACACACCCGTGTCGTGGAAAATGGTCGACGGGGAGCTGATTCATTCCAACACTCTTGAGGCCGTTTCTATAAACGGTGACGCATGTTATATGGGTCATATCTCTGTGCCTCTGCTGTAATCATGAGTCGGATCACTTGTTGAGAGGACGCATTATGAGAAGCATCCGTTGGTAACTTTCAATTGTTCAGGTCTCTGGCTTA,-0.28542011976242065,-0.28542014956474304,-0.28542014956474304,0.060969848185777664
seq_0014,11,ACGTTCAGAAGCGCGCGACTGTACCGTCGTTAAGCACCTGACGTACTCGCCATTTAGAGGCGTCTTCTATCATAGTTAGGCTACGGATCCTCCTCTGGGACACACCCGTGTCGTGGAAAATGGTCGACGGGGAGCTGATTCATTCCAACACTCTTGAGGCCGTTTCTATAAACGGTGACGCATGTTATATGGGTCATATCTCTGTGCCTCTGCTGTAATCATGAGTCGGATCACTTGTTGAGAGGACGCATTATGAGAAGCATCCGTTGGTAACTTTCAATTGTTCAGGTCTCTGGCTTA,-0.28542011976242065,-0.28542014956474304,-0.28542014956474304,0.06097131222486496
seq_0015,0,ACGTTCAGAAGCGCGCGACTGTACCGTCGTTAAGCACCTGACGTACTCGCCATTTAGAGGCGTCTTCTATCATAGTTAGGCTACGGATCCTCCTCTAGTACACACCCGTGTCGTGGAAAATGGTCGACGGGGAGCTGATTCATTCCAACACTCTTGAGGCCGTTTCTATAAACGGTGACGCATGTTATATGGGTCATATCTCTGTTCCTCTGCTGTAATCATGAGTCGGATCACTGGTTGAGAGGACTCAATATGAGAAGCATCCGTTGGTAACTTTCAATTGTTCAGGTCTCTGGCTTA,-0.33566439151763916,-0.33566445112228394,-0.33566445112228394,0.051054686307907104
seq_0015,1,ACGTTCAGAAGCGCGCGACTGTACCGTCGTTAAGCACCTGACGTACTCGCCATTTAGAGGCGTCTTCTATCATAGTTAGGCTACGGATCCTCCTCTAGTACACACCCGTGTCGTGGAAAATGGTCGACGGGGAGCTGATTCATTCCAACACTCTTGAGGCCGTTTCTATAAACGGTGACGCATGTTATATGGGTCATATCTCTGTTCCTCTGCTGTAATCATGAGTCGGATCACTGGTTGAGAGGACTCAATATGAGAAGCATCCGTTGGTAACTTTCAATTGTTCAGGTCTCTGGCTTA,-0.33566439151763916,-0.33566445112228394,-0.33566445112228394,0.051054686307907104
seq_0015,2,ACGTTCAGAAGCGCGCGACTGTACCGTCGTTAAGCACCTGACGTACTCGCCATTTAGAGGCGTCTTCTATCATAGTTAGGCTACGGATCCTCCTCTAGTACACACCCGTGTCGTGGAAAATGGTCGACGGGGAGCTGATTCATTCCAACACTCTTGAGGCCGTTTCTATAAACGGTGACGCATGTTATATGGGTCATATCTCTGTTCCTCTGCTGTAATCATGAGTCGGATCACTGGTTGAGAGGACTCAATATGAGAAGCATCCGTTGGTAACTTTCAATTGTTCAGGTCTCTGGCTTA,-0.33566439151763916,-0.33566445112228394,-0.33566445112228394,0.0510546900331974
seq_0015,3,ACGTTCAGAAGCGCGCGACTGTACCGTCGTTAAGCACCTGACGTACTCGCCATTTAGAGGCGTCTTCTATCATAGTTAGGCTACGGATCCTCCTCTAGTACACACCCGTGTCGTGGAAAATGGTCGACGGGGAGCTGATTCATTCCAACACTCTTGAGGCCGTTTCTATAAACGGTGACGCATGTTATATGGGTCATATCTCTGTTCCTCTGCTGTAATCATGAGTCGGATCACTGGTTGAGAGGACTCAATATGAGAAGCATCCGTTGGTAACTTTCAATTGTTCAGGTCTCTGGCTTA,-0.33566439151763916,-0.33566445112228394,-0.33566445112228394,0.051054686307907104
seq_0015,4,ACGTTCAGAAGCGCGCGACTGTACCGTCGTTAAGCACCTGACGTACTCGCCATTTAGAGGCGTCTTCTATCATAGTTAGGCTACGGATCCTCCTCTAGTACACACCCGTGTCGTGGAAAATGGTCGACGGGGAGCTGATTCATTCCAACACTCTTGAGGCCGTTTCTATAAACGGTGACGCATGTTATATGGGTCATATCTCTGTTCCTCTGCTGTAATCATGAGTCGGATCACTGGTTGAGAGGACTCAATATGAGAAGCATCCGTTGGTAACTTTCAATTGTTCAGGTCTCTGGCTTA,-0.33566439151763916,-0.33566445112228394,-0.33566445112228394,0.0510546900331974
seq_0015,5,ACGTTCAGAAGCGCGCGACTGTACCGTCGTTAAGCACCTGACGTACTCGCCATTTAGAGGCGTCTTCTATCATAGTTAGGCTACGGATCCTCCTCTAGTACACACCCGTGTCGTGGAAAATGGTCGACGGGGAGCTGATTCATTCCAACACTCTTGAGGCCGTTTCTATAAACGGTGACGCATGTTATATGGGTCATATCTCTGTTCCTCTGCTGTAATCATGAGTCGGATCACTGGTTGAGAGGACTCAATATGAGAAGCATCCGTTGGTAACTTTCAATTGTTCAGGTCTCTGGCTTA,-0.33566439151763916,-0.33566445112228394,-0.33566445112228394,0.0510546937584877
seq_0015,6,ACGTTCAGAAGCGCGCGACTGTACCGTCGTTAAGCACCTGACGTACTCGCCATTTAGAGGCGTCTTCTATCATAGTTAGGCTACGGATCCTCCTCTAGTACACACCCGTGTCGTGGAAAATGGTCGACGGGGAGCTGATTCATTCCAACACTCTTGAGGCCGTTTCTATAAACGGTGACGCATGTTATATGGGTCATATCTCTGTTCCTCTGCTGTAATCATGAGTCGGATCACTGGTTGAGAGGACTCAATATGAGAAGCATCCGTTGGTAACTTTCAATTGTTCAGGTCTCTGGCTTA,-0.33566439151763916,-0.33566445112228394,-0.33566445112228394,0.0510546900331974
seq_0015,7,ACGTTCAGAAGCGCGCGACTGTACCGTCGTTAAGCACCTGACGTACTCGCCATTTAGAGGCGTCTTCTATCATAGTTAGGCTACGGATCCTCCTCTAGTACACACCCGTGTCGTGGAAAATGGTCGACGGGGAGCTGATTCATTCCAACACTCTTGAGGCCGTTTCTATAAACGGTGACGCATGTTATATGGGTCATATCTCTGTTCCTCTGCTGTAATCATGAGTCGGATCACTGGTTGAGAGGACTCAATATGAGAAGCATCCGTTGGTAACTTTCAATTGTTCAGGTCTCTGGCTTA,-0.33566439151763916,-0.33566445112228394,-0.33566445112228394,0.05105459690093994
seq_0015,8,ACGTTCAGAAGCGCGCGACTGTACCGTCGTTAAGCACCTGACGTACTCGCCATTTAGAGGCGTCTTCTATCATAGTTAGGCTACGGATCCTCCTCTAGTACACACCCGTGTCGTGGAAAATGGTCGACGGGGAGCTGATTCATTCCAACACTCTTGAGGCCGTTTCTATAAACGGTGACGCATGTTATATGGGTCATATCTCTGTTCCTCTGCTGTAATCATGAGTCGGATCACTGGTTGAGAGGACTCAATATGAGAAGCATCCGTTGGTAACTTTCAATTGTTCAGGTCTCTGGCTTA,-0.33566439151763916,-0.33566445112228394,-0.33566445112228394,0.0510546900331974
seq_0015,9,ACGTTCAGAAGCGCGCGACTGTACCGTCGTTAAGCACCTGACGTACTCGCCATTTAGAGGCGTCTTCTATCATAGTTAGGCTACGGATCCTCCTCTAGTACACACCCGTGTCGTGGAAAATGGTCGACGGGGAGCTGATTCATTCCAACACTCTTGAGGCCGTTTCTATAAACGGTGACGCATGTTATATGGGTCATATCTCTGTTCCTCTGCTGTAATCATGAGTCGGATCACTGGTTGAGAGGACTCAATATGAGAAGCATCCGTTGGTAACTTTCAATTGTTCAGGTCTCTGGCTTA,-0.33566439151763916,-0.33566445112228394,-0.33566445112228394,0.05105460435152054
seq_0015,10,ACGTTCAGAAGCGCGCGACTGTACCGTCGTTAAGCACCTGACGTACTCGCCATTTAGAGGCGTCTTCTATCATAGTTAGGCTACGGATCCTCCTCTAGTACACACCCGTGTCGTGGAAAATGGTCGACGGGGAGCTGATTCATTCCAACACTCTTGAGGCCGTTTCTATAAACGGTGACGCATGTTATATGGGTCATATCTCTGTTCCTCTGCTGTAATCATGAGTCGGATCACTGGTTGAGAGGACTCAATATGAGAAGCATCCGTTGGTAACTTTCAATTGTTCAGGTCTCTGGCTTA,-0.33566439151763916,-0.33566445112228394,-0.33566445112228394,0.0510547049343586
seq_0015,11,ACGTTCAGAAGCGCGCGACTGTACCGTCGTTAAGCACCTGACGTACTCGCCATTTAGAGGCGTCTTCTATCATAGTTAGGCTACGGATCCTCCTCTAGTACACACCCGTGTCGTGGAAAATGGTCGACGGGGAGCTGATTCATTCCAACACTCTTGAGGCCGTTTCTATAAACGGTGACGCATGTTATATGGGTCATATCTCTGTTCCTCTGCTGTAATCATGAGTCGGATCACTGGTTGAGAGGACTCAATATGAGAAGCATCCGTTGGTAACTTTCAATTGTTCAGGTCTCTGGCTTA,-0.33566439151763916,-0.33566445112228394,-0.33566445112228394,0.0510546900331974
seq_0016,0,ACGTTCAGAAGCGCGCGACTGTACCGTCGTTAAGCACCTGACGTACTCGCCATGTAGAGGCGTCTTCTATCATAGTTAGGCTACGGATCCTCCTCTAGGACACACCCGTGTCGTGGAAAATGGTCGACGGGGAGCTGATTCATTCCAACACTCTTGAGGCCGTTTGTATAAACGGTGACGCATGTTATATGGGTCATATCTCTGTTCCTCTGCTGTAATCATGAGTCGGGTCACTGGTTGAGAGGACTCAATATGAGAAGCATCCGTTGGTAACTTTCAATTGTTCAGGTCTCTGGCTTA,-0.13329501450061798,-0.1332949995994568,-0.1332949995994568,0.056274909526109695
seq_0016,1,ACGTTCAGAAGCGCGCGACTGTACCGTCGTTAAGCACCTGACGTACTCGCCATGTAGAGGCGTCTTCTATCATAGTTAGGCTACGGATCCTCCTCTAGGACACACCCGTGTCGTGGAAAATGGTCGACGGGGAGCTGATTCATTCCAACACTCTTGAGGCCGTTTGTATAAACGGTGACGCATGTTATATGGGTCATATCTCTGTTCCTCTGCTGTAATCATGAGTCGGGTCACTGGTTGAGAGGACTCAATATGAGAAGCATCCGTTGGTAACTTTCAATTGTTCAGGTCTCTGGCTTA,-0.13329501450061798,-0.1332949995994568,-0.1332949995994568,0.056274909526109695
seq_0016,2,ACGTTCAGAAGCGCGCGACTGTACCGTCGTTAAGCACCTGACGTACTCGCCATGTAGAGGCGTCTTCTATCATAGTTAGGCTACGGATCCTCCTCTAGGACACACCCGTGTCGTGGAAAATGGTCGACGGGGAGCTGATTCATTCCAACACTCTTGAGGCCGTTTGTATAAACGGTGACGCATGTTATATGGGTCATATCTCTGTTCCTCTGCTGTAATCATGAGTCGGGTCACTGGTTGAGAGGACTCAATATGAGAAGCATCCGTTGGTAACTTTCAATTGTTCAGGTCTCTGGCTTA,-0.13329501450061798,-0.1332949995994568,-0.1332949995994568,0.056274909526109695
seq_0016,3,ACGTTCAGAAGCGCGCGACTGTACCGTCGTTAAGCACCTGACGTACTCGCCATGTAGAGGCGTCTTCTATCATAGTTAGGCTACGGATCCTCCTCTAGGACACACCCGTGTCGTGGAAAATGGTCGACGGGGAGCTGATTCATTCCAACACTCTTGAGGCCGTTTGTATAAACGGTGACGCATGTTATATGGGTCATATCTCTGTTCCTCTGCTGTAATCATGAGTCGGGTCACTGGTTGAGAGGACTCAATATGAGAAGCATCCGTTGGTAACTTTCAATTGTTCAGGTCTCTGGCTTA,-0.13329501450061798,-0.1332949995994568,-0.1332949995994568,0.056274909526109695
seq_0016,4,ACGTTCAGAAGCGCGCGACTGTACCGTCGTTAAGCACCTGACGTACTCGCCATGTAGAGGCGTCTTCTATCATAGTTAGGCTACGGATCCTCCTCTAGGACACACCCGTGTCGTGGAAAATGGTCGACGGGGAGCTGATTCATTCCAACACTCTTGAGGCCGTTTGTATAAACGGTGACGCATGTTATATGGGTCATATCTCTGTTCCTCTGCTGTAATCATGAGTCGGGTCACTGGTTGAGAGGACTCAATATGAGAAGCATCCGTTGGTAACTTTCAATTGTTCAGGTCTCTGGCTTA,-0.13329501450061798,-0.1332949995994568,-0.1332949995994568,0.056274909526109695
seq_0016,5,ACGTTCAGAAGCGCGCGACTGTACCGTCGTTAAGCACCTGACGTACTCGCCATGTAGAGGCGTCTTCTATCATAGTTAGGCTACGGATCCTCCTCTAGGACACACCCGTGTCGTGGAAAATGGTCGACGGGGAGCTGATTCATTCCAACACTCTTGAGGCCGTTTGTATAAACGGTGACGCATGTTATATGGGTCATATCTCTGTTCCTCTGCTGTAATCATGAGTCGGGTCACTGGTTGAGAGGACTCAATATGAGAAGCATCCGTTGGTAACTTTCAATTGTTCAGGTCTCTGGCTTA,-0.13329501450061798,-0.1332949995994568,-0.1332949995994568,0.056274909526109695
seq_0016,6,ACGTTCAGAAGCGCGCGACTGTACCGTCGTTAAGCACCTGACGTACTCGCCATGTAGAGGCGTCTTCTATCATAGTTAGGCTACGGATCCTCCTCTAGGACACACCCGTGTCGTGGAAAATGGTCGACGGGGAGCTGATTCATTCCAACACTCTTGAGGCCGTTTGTATAAACGGTGACGCATGTTATATGGGTCATATCTCTGTTCCTCTGCTGTAATCATGAGTCGGGTCACTGGTTGAGAGGACTCAATATGAGAAGCATCCGTTGGTAACTTTCAATTGTTCAGGTCTCTGGCTTA,-0.13329501450061798,-0.1332949995994568,-0.1332949995994568,0.056274909526109695
seq_0016,7,ACGTTCAGAAGCGCGCGACTGTACCGTCGTTAAGCACCTGACGTACTCGCCATGTAGAGGCGTCTTCTATCATAGTTAGGCTACGGATCCTCCTCTAGGACACACCCGTGTCGTGGAAAATGGTCGACGGGGAGCTGATTCATTCCAACACTCTTGAGGCCGTTTGTATAAACGGTGACGCATGTTATATGGGTCATATCTCTGTTCCTCTGCTGTAATCATGAGTCGGGTCACTGGTTGAGAGGACTCAATATGAGAAGCATCCGTTGGTAACTTTCAATTGTTCAGGTCTCTGGCTTA,-0.13329501450061798,-0.1332949995994568,-0.1332949995994568,0.056274909526109695
seq_0016,8,ACGTTCAGAAGCGCGCGACTGTACCGTCGTTAAGCACCTGACGTACTCGCCATGTAGAGGCGTCTTCTATCATAGTTAGGCTACGGATCCTCCTCTAGGACACACCCGTGTCGTGGAAAATGGTCGACGGGGAGCTGATTCATTCCAACACTCTTGAGGCCGTTTGTATAAACGGTGACGCATGTTATATGGGTCATATCTCTGTTCCTCTGCTGTAATCATGAGTCGGGTCACTGGTTGAGAGGACTCAATATGAGAAGCATCCGTTGGTAACTTTCAATTGTTCAGGTCTCTGGCTTA,-0.13329501450061798,-0.1332949995994568,-0.1332949995994568,0.056274909526109695
seq_0016,9,ACGTTCAGAAGCGCGCGACTGTACCGTCGTTAAGCACCTGACGTACTCGCCATGTAGAGGCGTCTTCTATCATAGTTAGGCTACGGATCCTCCTCTAGGACACACCCGTGTCGTGGAAAATGGTCGACGGGGAGCTGATTCATTCCAACACTCTTGAGGCCGTTTGTATAAACGGTGACGCATGTTATATGGGTCATATCTCTGTTCCTCTGCTGTAATCATGAGTCGGGTCACTGGTTGAGAGGACTCAATATGAGAAGCATCCGTTGGTAACTTTCAATTGTTCAGGTCTCTGGCTTA,-0.13329501450061798,-0.1332949995994568,-0.1332949995994568,0.056274909526109695
seq_0016,10,ACGTTCAGAAGCGCGCGACTGTACCGTCGTTAAGCACCTGACGTACTCGCCATGTAGAGGCGTCTTCTATCATAGTTAGGCTACGGATCCTCCTCTAGGACACACCCGTGTCGTGGAAAATGGTCGACGGGGAGCTGATTCATTCCAACACTCTTGAGGCCGTTTGTATAAACGGTGACGCATGTTATATGGGTCATATCTCTGTTCCTCTGCTGTAATCATGAGTCGGGTCACTGGTTGAGAGGACTCAATATGAGAAGCATCCGTTGGTAACTTTCAATTGTTCAGGTCTCTGGCTTA,-0.13329501450061798,-0.1332949995994568,-0.1332949995994568,0.056274909526109695
seq_0016,11,ACGTTCAGAAGCGCGCGACTGTACCGTCGTTAAGCACCTGACGTACTCGCCATGTAGAGGCGTCTTCTATCATAGTTAGGCTACGGATCCTCCTCTAGGACACACCCGTGTCGTGGAAAATGGTCGACGGGGAGCTGATTCATTCCAACACTCTTGAGGCCGTTTGTATAAACGGTGACGCATGTTATATGGGTCATATCTCTGTTCCTCTGCTGTAATCATGAGTCGGGTCACTGGTTGAGAGGACTCAATATGAGAAGCATCCGTTGGTAACTTTCAATTGTTCAGGTCTCTGGCTTA,-0.13329501450061798,-0.1332949995994568,-0.1332949995994568,0.05627819150686264
seq_0017,0,ACGTTCAGAAGCGCGCGACTGTACCGTCGTTAAGCACCTGACGTGCTCGCCATTTAGAGGGGTCTTCTATCATAGTTAGGCTACGGATCCTCCTCTAGGACACACCCGTGTCGTGGAAAATGGTCGACGGGGAGCTGATTCATTCCAACACTCTTGAGGCCGTTTCTATAAACGGTGACGCATGTTATATGGGTCATATCTCTGTTCCTCTGCTGTAATCATGAGTCGGATCACTGGTTGAGAGGACTCAATATGAGAAGCATCCGTTGGTAACTTTCAAGTGTTCAGGTCTCTGGCTTA,-0.4200778603553772,-0.420077919960022,-0.420077919960022,0.05337429791688919
seq_0017,1,ACGTTCAGAAGCGCGCGACTGTACCGTCGTTAAGCACCTGACGTGCTCGCCATTTAGAGGGGTCTTCTATCATAGTTAGGCTACGGATCCTCCTCTAGGACACACCCGTGTCGTGGAAAATGGTCGACGGGGAGCTGATTCATTCCAACACTCTTGAGGCCGTTTCTATAAACGGTGACGCATGTTATATGGGTCATATCTCTGTTCCTCTGCTGTAATCATGAGTCGGATCACTGGTTGAGAGGACTCAATATGAGAAGCATCCGTTGGTAACTTTCAAGTGTTCAGGTCTCTGGCTTA,-0.4200778603553772,-0.420077919960022,-0.420077919960022,0.053374335169792175
seq_0017,2,ACGTTCAGAAGCGCGCGACTGTACCGTCGTTAAGCACCTGACGTGCTCGCCATTTAGAGGGGTCTTCTATCATAGTTAGGCTACGGATCCTCCTCTAGGACACACCCGTGTCGTGGAAAATGGTCGACGGGGAGCTGATTCATTCCAACACTCTTGAGGCCGTTTCTATAAACGGTGACGCATGTTATATGGGTCATATCTCTGTTCCTCTGCTGTAATCATGAGTCGGATCACTGGTTGAGAGGACTCAATATGAGAAGCATCCGTTGGTAACTTTCAAGTGTTCAGGTCTCTGGCTTA,-0.4200778603553772,-0.420077919960022,-0.420077919960022,0.05337444320321083
seq_0017,3,ACGTTCAGAAGCGCGCGACTGTACCGTCGTTAAGCACCTGACGTGCTCGCCATTTAGAGGGGTCTTCTATCATAGTTAGGCTACGGATCCTCCTCTAGGACACACCCGTGTCGTGGAAAATGGTCGACGGGGAGCTGATTCATTCCAACACTCTTGAGGCCGTTTCTATAAACGGTGACGCATGTTATATGGGTCATATCTCTGTTCCTCTGCTGTAATCATGAGTCGGATCACTGGTTGAGAGGACTCAATATGAGAAGCATCCGTTGGTAACTTTCAAGTGTTCAGGTCTCTGGCTTA,-0.4200778603553772,-0.420077919960022,-0.420077919960022,0.05337430164217949
seq_0017,4,ACGTTCAGAAGCGCGCGACTGTACCGTCGTTAAGCACCTGACGTGCTCGCCATTTAGAGGGGTCTTCTATCATAGTTAGGCTACGGATCCTCCTCTAGGACACACCCGTGTCGTGGAAAATGGTCGACGGGGAGCTGATTCATTCCAACACTCTTGAGGCCGTTTCTATAAACGGTGACGCATGTTATATGGGTCATATCTCTGTTCCTCTGCTGTAATCATGAGTCGGATCACTGGTTGAGAGGACTCAATATGAGAAGCATCCGTTGGTAACTTTCAAGTGTTCAGGTCTCTGGCTTA,-0.4200778603553772,-0.420077919960022,-0.420077919960022,0.05337437987327576
seq_0017,5,ACGTTCAGAAGCGCGCGACTGTACCGTCGTTAAGCACCTGACGTGCTCGCCATTTAGAGGGGTCTTCTATCATAGTTAGGCTACGGATCCTCCTCTAGGACACACCCGTGTCGTGGAAAATGGTCGACGGGGAGCTGATTCATTCCAACACTCTTGAGGCCGTTTCTATAAACGGTGACGCATGTTATATGGGTCATATCTCTGTTCCTCTGCTGTAATCATGAGTCGGATCACTGGTTGAGAGGACTCAATATGAGAAGCATCCGTTGGTAACTTTCAAGTGTTCAGGTCTCTGGCTTA,-0.4200778603553772,-0.420077919960022,-0.420077919960022,0.053374290466308594
seq_0017,6,ACGTTCAGAAGCGCGCGACTGTACCGTCGTTAAGCACCTGACGTGCTCGCCATTTAGAGGGGTCTTCTATCATAGTTAGGCTACGGATCCTCCTCTAGGACACACCCGTGTCGTGGAAAATGGTCGACGGGGAGCTGATTCATTCCAACACTCTTGAGGCCGTTTCTATAAACGGTGACGCATGTTATATGGGTCATATCTCTGTTCCTCTGCTGTAATCATGAGTCGGATCACTGGTTGAGAGGACTCAATATGAGAAGCATCCGTTGGTAACTTTCAAGTGTTCAGGTCTCTGGCTTA,-0.4200778603553772,-0.420077919960022,-0.420077919960022,0.053374290466308594
seq_0017,7,ACGTTCAGAAGCGCGCGACTGTACCGTCGTTAAGCACCTGACGTGCTCGCCATTTAGAGGGGTCTTCTATCATAGTTAGGCTACGGATCCTCCTCTAGGACACACCCGTGTCGTGGAAAATGGTCGACGGGGAGCTGATTCATTCCAACACTCTTGAGGCCGTTTCTATAAACGGTGACGCATGTTATATGGGTCATATCTCTGTTCCTCTGCTGTAATCATGAGTCGGATCACTGGTTGAGAGGACTCAATATGAGAAGCATCCGTTGGTAACTTTCAAGTGTTCAGGTCTCTGGCTTA,-0.4200778603553772,-0.420077919960022,-0.420077919960022,0.05337429791688919
seq_0017,8,ACGTTCAGAAGCGCGCGACTGTACCGTCGTTAAGCACCTGACGTGCTCGCCATTTAGAGGGGTCTTCTATCATAGTTAGGCTACGGATCCTCCTCTAGGACACACCCGTGTCGTGGAAAATGGTCGACGGGGAGCTGATTCATTCCAACACTCTTGAGGCCGTTTCTATAAACGGTGACGCATGTTATATGGGTCATATCTCTGTTCCTCTGCTGTAATCATGAGTCGGATCACTGGTTGAGAGGACTCAATATGAGAAGCATCCGTTGGTAACTTTCAAGTGTTCAGGTCTCTGGCTTA,-0.4200778603553772,-0.420077919960022,-0.420077919960022,0.05337429791688919
seq_0017,9,ACGTTCAGAAGCGCGCGACTGTACCGTCGTTAAGCACCTGACGTGCTCGCCATTTAGAGGGGTCTTCTATCATAGTTAGGCTACGGATCCTCCTCTAGGACACACCCGTGTCGTGGAAAATGGTCGACGGGGAGCTGATTCATTCCAACACTCTTGAGGCCGTTTCTATAAACGGTGACGCATGTTATATGGGTCATATCTCTGTTCCTCTGCTGTAATCATGAGTCGGATCACTGGTTGAGAGGACTCAATATGAGAAGCATCCGTTGGTAACTTTCAAGTGTTCAGGTCTCTGGCTTA,-0.4200778603553772,-0.420077919960022,-0.420077919960022,0.05337585508823395
seq_0017,10,ACGTTCAGAAGCGCGCGACTGTACCGTCGTTAAGCACCTGACGTGCTCGCCATTTAGAGGGGTCTTCTATCATAGTTAGGCTACGGATCCTCCTCTAGGACACACCCGTGTCGTGGAAAATGGTCGACGGGGAGCTGATTCATTCCAACACTCTTGAGGCCGTTTCTATAAACGGTGACGCATGTTATATGGGTCATATCTCTGTTCCTCTGCTGTAATCATGAGTCGGATCACTGGTTGAGAGGACTCAATATGAGAAGCATCCGTTGGTAACTTTCAAGTGTTCAGGTCTCTGGCTTA,-0.4200778603553772,-0.420077919960022,-0.420077919960022,0.053374290466308594
seq_0017,11,ACGTTCAGAAGCGCGCGACTGTACCGTCGTTAAGCACCTGACGTGCTCGCCATTTAGAGGGGTCTTCTATCATAGTTAGGCTACGGATCCTCCTCTAGGACACACCCGTGTCGTGGAAAATGGTCGACGGGGAGCTGATTCATTCCAACACTCTTGAGGCCGTTTCTATAAACGGTGACGCATGTTATATGGGTCATATCTCTGTTCCTCTGCTGTAATCATGAGTCGGATCACTGGTTGAGAGGACTCAATATGAGAAGCATCCGTTGGTAACTTTCAAGTGTTCAGGTCTCTGGCTTA,-0.4200778603553772,-0.420077919960022,-0.420077919960022,0.05337441712617874
seq_0018,0,ACGTTCAGAAGCGCGCGACTGTACCGTCGTTAAGCACCGGACGTACTCGCAATTTAGAGGCGTCTTCTATCATAGTTAGGCTACGGATCCTCCTCTAGGACACACCCGTGTCGTGGAAAATGGTCGACGGGGAGCTGATTCATTCCAACACTCTTGGGGCCGTTTCTATAAACGGTGACGCATGTTATATGGGTCATATCTCTGTTCCTCTGCTGTAATCATGAGTCGGATCACTGGTTGAGAGGACTCAATATGAGAAGCATCCGTTGGTAACTTTCAATTGTTCAGGTCTCTGGCTTA,-0.39761513471603394,-0.3976151943206787,-0.3976151943206787,0.055052224546670914
seq_0018,1,ACGTTCAGAAGCGCGCGACTGTACCGTCGTTAAGCACCGGACGTACTCGCAATTTAGAGGCGTCTTCTATCATAGTTAGGCTACGGATCCTCCTCTAGGACACACCCGTGTCGTGGAAAATGGTCGACGGGGAGCTGATTCATTCCAACACTCTTGGGGCCGTTTCTATAAACGGTGACGCATGTTATATGGGTCATATCTCTGTTCCTCTGCTGTAATCATGAGTCGGATCACTGGTTGAGAGGACTCAATATGAGAAGCATCCGTTGGTAACTTTCAATTGTTCAGGTCTCTGGCTTA,-0.39761513471603394,-0.3976151943206787,-0.3976151943206787,0.05505242571234703
seq_0018,2,ACGTTCAGAAGCGCGCGACTGTACCGTCGTTAAGCACCGGACGTACTCGCAATTTAGAGGCGTCTTCTATCATAGTTAGGCTACGGATCCTCCTCTAGGACACACCCGTGTCGTGGAAAATGGTCGACGGGGAGCTGATTCATTCCAACACTCTTGGGGCCGTTTCTATAAACGGTGACGCATGTTATATGGGTCATATCTCTGTTCCTCTGCTGTAATCATGAGTCGGATCACTGGTTGAGAGGACTCAATATGAGAAGCATCCGTTGGTAACTTTCAATTGTTCAGGTCTCTGGCTTA,-0.39761513471603394,-0.3976151943206787,-0.3976151943206787,0.055052224546670914
seq_0018,3,ACGTTCAGAAGCGCGCGACTGTACCGTCGTTAAGCACCGGACGTACTCGCAATTTAGAGGCGTCTTCTATCATAGTTAGGCTACGGATCCTCCTCTAGGACACACCCGTGTCGTGGAAAATGGTCGACGGGGAGCTGATTCATTCCAACACTCTTGGGGCCGTTTCTATAAACGGTGACGCATGTTATATGGGTCATATCTCTGTTCCTCTGCTGTAATCATGAGTCGGATCACTGGTTGAGAGGACTCAATATGAGAAGCATCCGTTGGTAACTTTCAATTGTTCAGGTCTCTGGCTTA,-0.39761513471603394,-0.3976151943206787,-0.3976151943206787,0.05505223572254181
seq_0018,4,ACGTTCAGAAGCGCGCGACTGTACCGTCGTTAAGCACCGGACGTACTCGCAATTTAGAGGCGTCTTCTATCATAGTTAGGCTACGGATCCTCCTCTAGGACACACCCGTGTCGTGGAAAATGGTCGACGGGGAGCTGATTCATTCCAACACTCTTGGGGCCGTTTCTATAAACGGTGACGCATGTTATATGGGTCATATCTCTGTTCCTCTGCTGTAATCATGAGTCGGATCACTGGTTGAGAGGACTCAATATGAGAAGCATCCGTTGGTAACTTTCAATTGTTCAGGTCTCTGGCTTA,-0.39761513471603394,-0.3976151943206787,-0.3976151943206787,0.055052224546670914
seq_0018,5,ACGTTCAGAAGCGCGCGACTGTACCGTCGTTAAGCACCGGACGTACTCGCAATTTAGAGGCGTCTTCTATCATAGTTAGGCTACGGATCCTCCTCTAGGACACACCCGTGTCGTGGAAAATGGTCGACGGGGAGCTGATTCATTCCAACACTCTTGGGGCCGTTTCTATAAACGGTGACGCATGTTATATGGGTCATATCTCTGTTCCTCTGCTGTAATCATGAGTCGGATCACTGGTTGAGAGGACTCAATATGAGAAGCATCCGTTGGTAACTTTCAATTGTTCAGGTCTCTGGCTTA,-0.39761513471603394,-0.3976151943206787,-0.3976151943206787,0.055052030831575394
seq_0018,6,ACGTTCAGAAGCGCGCGACTGTACCGTCGTTAAGCACCGGACGTACTCGCAATTTAGAGGCGTCTTCTATCATAGTTAGGCTACGGATCCTCCTCTAGGACACACCCGTGTCGTGGAAAATGGTCGACGGGGAGCTGATTCATTCCAACACTCTTGGGGCCGTTTCTATAAACGGTGACGCATGTTATATGGGTCATATCTCTGTTCCTCTGCTGTAATCATGAGTCGGATCACTGGTTGAGAGGACTCAATATGAGAAGCATCCGTTGGTAACTTTCAATTGTTCAGGTCTCTGGCTTA,-0.39761513471603394,-0.3976151943206787,-0.3976151943206787,0.055052224546670914
seq_0018,7,ACGTTCAGAAGCGCGCGACTGTACCGTCGTTAAGCACCGGACGTACTCGCAATTTAGAGGCGTCTTCTATCATAGTTAGGCTACGGATCCTCCTCTAGGACACACCCGTGTCGTGGAAAATGGTCGACGGGGAGCTGATTCATTCCAACACTCTTGGGGCCGTTTCTATAAACGGTGACGCATGTTATATGGGTCATATCTCTGTTCCTCTGCTGTAATCATGAGTCGGATCACTGGTTGAGAGGACTCAATATGAGAAGCATCCGTTGGTAACTTTCAATTGTTCAGGTCTCTGGCTTA,-0.39761513471603394,-0.3976151943206787,-0.3976151943206787,0.055052224546670914
seq_0018,8,ACGTTCAGAAGCGCGCGACTGTACCGTCGTTAAGCACCGGACGTACTCGCAATTTAGAGGCGTCTTCTATCATAGTTAGGCTACGGATCCTCCTCTAGGACACACCCGTGTCGTGGAAAATGGTCGACGGGGAGCTGATTCATTCCAACACTCTTGGGGCCGTTTCTATAAACGGTGACGCATGTTATATGGGTCATATCTCTGTTCCTCTGCTGTAATCATGAGTCGGATCACTGGTTGAGAGGACTCAATATGAGAAGCATCCGTTGGTAACTTTCAATTGTTCAGGTCTCTGGCTTA,-0.39761513471603394,-0.3976151943206787,-0.3976151943206787,0.055052224546670914
seq_0018,9,ACGTTCAGAAGCGCGCGACTGTACCGTCGTTAAGCACCGGACGTACTCGCAATTTAGAGGCGTCTTCTATCATAGTTAGGCTACGGATCCTCCTCTAGGACACACCCGTGTCGTGGAAAATGGTCGACGGGGAGCTGATTCATTCCAACACTCTTGGGGCCGTTTCTATAAACGGTGACGCATGTTATATGGGTCATATCTCTGTTCCTCTGCTGTAATCATGAGTCGGATCACTGGTTGAGAGGACTCAATATGAGAAGCATCCGTTGGTAACTTTCAATTGTTCAGGTCTCTGGCTTA,-0.39761513471603394,-0.3976151943206787,-0.3976151943206787,0.055052269250154495
seq_0018,10,ACGTTCAGAAGCGCGCGACTGTACCGTCGTTAAGCACCGGACGTACTCGCAATTTAGAGGCGTCTTCTATCATAGTTAGGCTACGGATCCTCCTCTAGGACACACCCGTGTCGTGGAAAATGGTCGACGGGGAGCTGATTCATTCCAACACTCTTGGGGCCGTTTCTATAAACGGTGACGCATGTTATATGGGTCATATCTCTGTTCCTCTGCTGTAATCATGAGTCGGATCACTGGTTGAGAGGACTCAATATGAGAAGCATCCGTTGGTAACTTTCAATTGTTCAGGTCTCTGGCTTA,-0.39761513471603394,-0.3976151943206787,-0.3976151943206787,0.055052246898412704
seq_0018,11,ACGTTCAGAAGCGCGCGACTGTACCGTCGTTAAGCACCGGACGTACTCGCAATTTAGAGGCGTCTTCTATCATAGTTAGGCTACGGATCCTCCTCTAGGACACACCCGTGTCGTGGAAAATGGTCGACGGGGAGCTGATTCATTCCAACACTCTTGGGGCCGTTTCTATAAACGGTGACGCATGTTATATGGGTCATATCTCTGTTCCTCTGCTGTAATCATGAGTCGGATCACTGGTTGAGAGGACTCAATATGAGAAGCATCCGTTGGTAACTTTCAATTGTTCAGGTCTCTGGCTTA,-0.39761513471603394,-0.3976151943206787,-0.3976151943206787,0.055052224546670914
seq_0019,0,ACGTTCAGAAGCGCGCGACTGTACCGTCGTTAAGCACCTGACGTACTCGCCATTTAGAGGCGTCTTCTATCATAGTTAGGCTACGGATCCTCCTCTAGGACACACCCGTGTCGTGGAAAATGGTCGACGGGGAGCTGATTCATTCCAACACTCTTGGGGCCGTTTCTATAAACGGTGACGCATGTTATATGGGTCATGTCTCTGTTCCTCTGCTGTAATCATGAGTCGGATCACTGGTTGAGAGGACTCAATATGAGAAGCATCCGTTGGTAACTTTCAATTGTTCAGGTCTCTGGCTTA,-0.4806824028491974,-0.48068249225616455,-0.48068249225616455,0.0543334074318409
seq_0019,1,ACGTTCAGAAGCGCGCGACTGTACCGTCGTTAAGCACCTGACGTACTCGCCATTTAGAGGCGTCTTCTATCATAGTTAGGCTACGGATCCTCCTCTAGGACACACCCGTGTCGTGGAAAATGGTCGACGGGGAGCTGATTCATTCCAACACTCTTGGGGCCGTTTCTATAAACGGTGACGCATGTTATATGGGTCATGTCTCTGTTCCTCTGCTGTAATCATGAGTCGGATCACTGGTTGAGAGGACTCAATATGAGAAGCATCCGTTGGTAACTTTCAATTGTTCAGGTCTCTGGCTTA,-0.4806824028491974,-0.48068249225616455,-0.48068249225616455,0.0543334074318409
seq_0019,2,ACGTTCAGAAGCGCGCGACTGTACCGTCGTTAAGCACCTGACGTACTCGCCATTTAGAGGCGTCTTCTATCATAGTTAGGCTACGGATCCTCCTCTAGGACACACCCGTGTCGTGGAAAATGGTCGACGGGGAGCTGATTCATTCCAACACTCTTGGGGCCGTTTCTATAAACGGTGACGCATGTTATATGGGTCATGTCTCTGTTCCTCTGCTGTAATCATGAGTCGGATCACTGGTTGAGAGGACTCAATATGAGAAGCATCCGTTGGTAACTTTCAATTGTTCAGGTCTCTGGCTTA,-0.4806824028491974,-0.48068249225616455,-0.48068249225616455,0.054333459585905075
seq_0019,3,ACGTTCAGAAGCGCGCGACTGTACCGTCGTTAAGCACCTGACGTACTCGCCATTTAGAGGCGTCTTCTATCATAGTTAGGCTACGGATCCTCCTCTAGGACACACCCGTGTCGTGGAAAATGGTCGACGGGGAGCTGATTCATTCCAACACTCTTGGGGCCGTTTCTATAAACGGTGACGCATGTTATATGGGTCATGTCTCTGTTCCTCTGCTGTAATCATGAGTCGGATCACTGGTTGAGAGGACTCAATATGAGAAGCATCCGTTGGTAACTTTCAATTGTTCAGGTCTCTGGCTTA,-0.4806824028491974,-0.48068249225616455,-0.48068249225616455,0.05433355271816254
seq_0019,4,ACGTTCAGAAGCGCGCGACTGTACCGTCGTTAAGCACCTGACGTACTCGCCATTTAGAGGCGTCTTCTATCATAGTTAGGCTACGGATCCTCCTCTAGGACACACCCGTGTCGTGGAAAATGGTCGACGGGGAGCTGATTCATTCCAACACTCTTGGGGCCGTTTCTATAAACGGTGACGCATGTTATATGGGTCATGTCTCTGTTCCTCTGCTGTAATCATGAGTCGGATCACTGGTTGAGAGGACTCAATATGAGAAGCATCCGTTGGTAACTTTCAATTGTTCAGGTCTCTGGCTTA,-0.4806824028491974,-0.48068249225616455,-0.48068249225616455,0.05433337017893791
seq_0019,5,ACGTTCAGAAGCGCGCGACTGTACCGTCGTTAAGCACCTGACGTACTCGCCATTTAGAGGCGTCTTCTATCATAGTTAGGCTACGGATCCTCCTCTAGGACACACCCGTGTCGTGGAAAATGGTCGACGGGGAGCTGATTCATTCCAACACTCTTGGGGCCGTTTCTATAAACGGTGACGCATGTTATATGGGTCATGTCTCTGTTCCTCTGCTGTAATCATGAGTCGGATCACTGGTTGAGAGGACTCAATATGAGAAGCATCCGTTGGTAACTTTCAATTGTTCAGGTCTCTGGCTTA,-0.4806824028491974,-0.48068249225616455,-0.48068249225616455,0.05433335155248642
seq_0019,6,ACGTTCAGAAGCGCGCGACTGTACCGTCGTTAAGCACCTGACGTACTCGCCATTTAGAGGCGTCTTCTATCATAGTTAGGCTACGGATCCTCCTCTAGGACACACCCGTGTCGTGGAAAATGGTCGACGGGGAGCTGATTCATTCCAACACTCTTGGGGCCGTTTCTATAAACGGTGACGCATGTTATATGGGTCATGTCTCTGTTCCTCTGCTGTAATCATGAGTCGGATCACTGGTTGAGAGGACTCAATATGAGAAGCATCCGTTGGTAACTTTCAATTGTTCAGGTCTCTGGCTTA,-0.4806824028491974,-0.48068249225616455,-0.48068249225616455,0.054333481937646866
seq_0019,7,ACGTTCAGAAGCGCGCGACTGTACCGTCGTTAAGCACCTGACGTACTCGCCATTTAGAGGCGTCTTCTATCATAGTTAGGCTACGGATCCTCCTCTAGGACACACCCGTGTCGTGGAAAATGGTCGACGGGGAGCTGATTCATTCCAACACTCTTGGGGCCGTTTCTATAAACGGTGACGCATGTTATATGGGTCATGTCTCTGTTCCTCTGCTGTAATCATGAGTCGGATCACTGGTTGAGAGGACTCAATATGAGAAGCATCCGTTGGTAACTTTCAATTGTTCAGGTCTCTGGCTTA,-0.4806824028491974,-0.48068249225616455,-0.48068249225616455,0.05433332920074463
seq_0019,8,ACGTTCAGAAGCGCGCGACTGTACCGTCGTTAAGCACCTGACGTACTCGCCATTTAGAGGCGTCTTCTATCATAGTTAGGCTACGGATCCTCCTCTAGGACACACCCGTGTCGTGGAAAATGGTCGACGGGGAGCTGATTCATTCCAACACTCTTGGGGCCGTTTCTATAAACGGTGACGCATGTTATATGGGTCATGTCTCTGTTCCTCTGCTGTAATCATGAGTCGGATCACTGGTTGAGAGGACTCAATATGAGAAGCATCCGTTGGTAACTTTCAATTGTTCAGGTCTCTGGCTTA,-0.4806824028491974,-0.48068249225616455,-0.48068249225616455,0.05433341860771179
seq_0019,9,ACGTTCAGAAGCGCGCGACTGTACCGTCGTTAAGCACCTGACGTACTCGCCATTTAGAGGCGTCTTCTATCATAGTTAGGCTACGGATCCTCCTCTAGGACACACCCGTGTCGTGGAAAATGGTCGACGGGGAGCTGATTCATTCCAACACTCTTGGGGCCGTTTCTATAAACGGTGACGCATGTTATATGGGTCATGTCTCTGTTCCTCTGCTGTAATCATGAGTCGGATCACTGGTTGAGAGGACTCAATATGAGAAGCATCCGTTGGTAACTTTCAATTGTTCAGGTCTCTGGCTTA,-0.4806824028491974,-0.48068249225616455,-0.48068249225616455,0.05433320254087448
seq_0019,10,ACGTTCAGAAGCGCGCGACTGTACCGTCGTTAAGCACCTGACGTACTCGCCATTTAGAGGCGTCTTCTATCATAGTTAGGCTACGGATCCTCCTCTAGGACACACCCGTGTCGTGGAAAATGGTCGACGGGGAGCTGATTCATTCCAACACTCTTGGGGCCGTTTCTATAAACGGTGACGCATGTTATATGGGTCATGTCTCTGTTCCTCTGCTGTAATCATGAGTCGGATCACTGGTTGAGAGGACTCAATATGAGAAGCATCCGTTGGTAACTTTCAATTGTTCAGGTCTCTGGCTTA,-0.4806824028491974,-0.48068249225616455,-0.48068249225616455,0.0543334074318409
seq_0019,11,ACGTTCAGAAGCGCGCGACTGTACCGTCGTTAAGCACCTGACGTACTCGCCATTTAGAGGCGTCTTCTATCATAGTTAGGCTACGGATCCTCCTCTAGGACACACCCGTGTCGTGGAAAATGGTCGACGGGGAGCTGATTCATTCCAACACTCTTGGGGCCGTTTCTATAAACGGTGACGCATGTTATATGGGTCATGTCTCTGTTCCTCTGCTGTAATCATGAGTCGGATCACTGGTTGAGAGGACTCAATATGAGAAGCATCCGTTGGTAACTTTCAATTGTTCAGGTCTCTGGCTTA,-0.4806824028491974,-0.48068249225616455,-0.48068249225616455,0.0543331541121006
